status,country
Cases,Guinea
Cases,Guinea
Cases,Guinea
Cases,Guinea
Cases,Guinea
Cases,Guinea
Cases,Guinea
Cases,Guinea
Cases,Guinea
Cases,Guinea
Cases,Guinea
Cases,Guinea
Cases,Guinea
Cases,Guinea
Cases,Guinea
Cases,Guinea
Cases,Guinea
Cases,Guinea
Cases,Guinea
Cases,Guinea
Cases,Guinea
Cases,Guinea
Cases,Guinea
Cases,Guinea
Cases,Guinea
Cases,Guinea
Cases,Guinea
Cases,Guinea
Cases,Guinea
Cases,Guinea
Cases,Guinea
Cases,Guinea
Cases,Guinea
Cases,Guinea
Cases,Guinea
Cases,Guinea
Cases,Guinea
Cases,Guinea
Cases,Guinea
Cases,Guinea
Cases,Guinea
Cases,Guinea
Cases,Guinea
Cases,Guinea
Cases,Guinea
Cases,Guinea
Cases,Guinea
Cases,Guinea
Cases,Guinea
Cases,Guinea
Cases,Guinea
Cases,Guinea
Cases,Guinea
Cases,Guinea
Cases,Guinea
Cases,Guinea
Cases,Guinea
Cases,Guinea
Cases,Guinea
Cases,Guinea
Cases,Guinea
Cases,Guinea
Cases,Guinea
Cases,Guinea
Cases,Guinea
Cases,Guinea
Cases,Guinea
Cases,Guinea
Cases,Guinea
Cases,Guinea
Cases,Guinea
Cases,Guinea
Cases,Guinea
Cases,Guinea
Cases,Guinea
Cases,Guinea
Cases,Guinea
Cases,Guinea
Cases,Guinea
Cases,Guinea
Cases,Guinea
Cases,Guinea
Cases,Guinea
Cases,Guinea
Cases,Guinea
Cases,Guinea
Cases,Guinea
Cases,Guinea
Cases,Guinea
Cases,Guinea
Cases,Guinea
Cases,Guinea
Cases,Guinea
Cases,Guinea
Cases,Guinea
Cases,Guinea
Cases,Guinea
Cases,Guinea
Cases,Guinea
Cases,Guinea
Cases,Guinea
Cases,Guinea
Cases,Guinea
Cases,Guinea
Cases,Guinea
Cases,Guinea
Cases,Guinea
Cases,Guinea
Cases,Guinea
Cases,Guinea
Cases,Guinea
Cases,Guinea
Cases,Guinea
Cases,Guinea
Cases,Guinea
Cases,Guinea
Cases,Guinea
Cases,Guinea
Cases,Guinea
Cases,Guinea
Cases,Guinea
Cases,Guinea
Cases,Liberia
Cases,Liberia
Cases,Liberia
Cases,Liberia
Cases,Liberia
Cases,Liberia
Cases,Liberia
Cases,Liberia
Cases,Liberia
Cases,Liberia
Cases,Liberia
Cases,Liberia
Cases,Liberia
Cases,Liberia
Cases,Liberia
Cases,Liberia
Cases,Liberia
Cases,Liberia
Cases,Liberia
Cases,Liberia
Cases,Liberia
Cases,Liberia
Cases,Liberia
Cases,Liberia
Cases,Liberia
Cases,Liberia
Cases,Liberia
Cases,Liberia
Cases,Liberia
Cases,Liberia
Cases,Liberia
Cases,Liberia
Cases,Liberia
Cases,Liberia
Cases,Liberia
Cases,Liberia
Cases,Liberia
Cases,Liberia
Cases,Liberia
Cases,Liberia
Cases,Liberia
Cases,Liberia
Cases,Liberia
Cases,Liberia
Cases,Liberia
Cases,Liberia
Cases,Liberia
Cases,Liberia
Cases,Liberia
Cases,Liberia
Cases,Liberia
Cases,Liberia
Cases,Liberia
Cases,Liberia
Cases,Liberia
Cases,Liberia
Cases,Liberia
Cases,Liberia
Cases,Liberia
Cases,Liberia
Cases,Liberia
Cases,Liberia
Cases,Liberia
Cases,Liberia
Cases,Liberia
Cases,Liberia
Cases,Liberia
Cases,Liberia
Cases,Liberia
Cases,Liberia
Cases,Liberia
Cases,Liberia
Cases,Liberia
Cases,Liberia
Cases,Liberia
Cases,Liberia
Cases,Liberia
Cases,Liberia
Cases,Liberia
Cases,Liberia
Cases,Liberia
Cases,Liberia
Cases,Liberia
Cases,Liberia
Cases,Liberia
Cases,Liberia
Cases,Liberia
Cases,Liberia
Cases,Liberia
Cases,Liberia
Cases,Liberia
Cases,Liberia
Cases,Liberia
Cases,Liberia
Cases,Liberia
Cases,Liberia
Cases,Liberia
Cases,Liberia
Cases,Liberia
Cases,Liberia
Cases,Liberia
Cases,Liberia
Cases,Liberia
Cases,Liberia
Cases,Liberia
Cases,Liberia
Cases,Liberia
Cases,Liberia
Cases,Liberia
Cases,Liberia
Cases,Liberia
Cases,Liberia
Cases,Liberia
Cases,Liberia
Cases,Liberia
Cases,Liberia
Cases,Liberia
Cases,Liberia
Cases,Liberia
Cases,Liberia
Cases,Liberia
Cases,Liberia
Cases,SierraLeone
Cases,SierraLeone
Cases,SierraLeone
Cases,SierraLeone
Cases,SierraLeone
Cases,SierraLeone
Cases,SierraLeone
Cases,SierraLeone
Cases,SierraLeone
Cases,SierraLeone
Cases,SierraLeone
Cases,SierraLeone
Cases,SierraLeone
Cases,SierraLeone
Cases,SierraLeone
Cases,SierraLeone
Cases,SierraLeone
Cases,SierraLeone
Cases,SierraLeone
Cases,SierraLeone
Cases,SierraLeone
Cases,SierraLeone
Cases,SierraLeone
Cases,SierraLeone
Cases,SierraLeone
Cases,SierraLeone
Cases,SierraLeone
Cases,SierraLeone
Cases,SierraLeone
Cases,SierraLeone
Cases,SierraLeone
Cases,SierraLeone
Cases,SierraLeone
Cases,SierraLeone
Cases,SierraLeone
Cases,SierraLeone
Cases,SierraLeone
Cases,SierraLeone
Cases,SierraLeone
Cases,SierraLeone
Cases,SierraLeone
Cases,SierraLeone
Cases,SierraLeone
Cases,SierraLeone
Cases,SierraLeone
Cases,SierraLeone
Cases,SierraLeone
Cases,SierraLeone
Cases,SierraLeone
Cases,SierraLeone
Cases,SierraLeone
Cases,SierraLeone
Cases,SierraLeone
Cases,SierraLeone
Cases,SierraLeone
Cases,SierraLeone
Cases,SierraLeone
Cases,SierraLeone
Cases,SierraLeone
Cases,SierraLeone
Cases,SierraLeone
Cases,SierraLeone
Cases,SierraLeone
Cases,SierraLeone
Cases,SierraLeone
Cases,SierraLeone
Cases,SierraLeone
Cases,SierraLeone
Cases,SierraLeone
Cases,SierraLeone
Cases,SierraLeone
Cases,SierraLeone
Cases,SierraLeone
Cases,SierraLeone
Cases,SierraLeone
Cases,SierraLeone
Cases,SierraLeone
Cases,SierraLeone
Cases,SierraLeone
Cases,SierraLeone
Cases,SierraLeone
Cases,SierraLeone
Cases,SierraLeone
Cases,SierraLeone
Cases,SierraLeone
Cases,SierraLeone
Cases,SierraLeone
Cases,SierraLeone
Cases,SierraLeone
Cases,SierraLeone
Cases,SierraLeone
Cases,SierraLeone
Cases,SierraLeone
Cases,SierraLeone
Cases,SierraLeone
Cases,SierraLeone
Cases,SierraLeone
Cases,SierraLeone
Cases,SierraLeone
Cases,SierraLeone
Cases,SierraLeone
Cases,SierraLeone
Cases,SierraLeone
Cases,SierraLeone
Cases,SierraLeone
Cases,SierraLeone
Cases,SierraLeone
Cases,SierraLeone
Cases,SierraLeone
Cases,SierraLeone
Cases,SierraLeone
Cases,SierraLeone
Cases,SierraLeone
Cases,SierraLeone
Cases,SierraLeone
Cases,SierraLeone
Cases,SierraLeone
Cases,SierraLeone
Cases,SierraLeone
Cases,SierraLeone
Cases,SierraLeone
Cases,SierraLeone
Cases,Nigeria
Cases,Nigeria
Cases,Nigeria
Cases,Nigeria
Cases,Nigeria
Cases,Nigeria
Cases,Nigeria
Cases,Nigeria
Cases,Nigeria
Cases,Nigeria
Cases,Nigeria
Cases,Nigeria
Cases,Nigeria
Cases,Nigeria
Cases,Nigeria
Cases,Nigeria
Cases,Nigeria
Cases,Nigeria
Cases,Nigeria
Cases,Nigeria
Cases,Nigeria
Cases,Nigeria
Cases,Nigeria
Cases,Nigeria
Cases,Nigeria
Cases,Nigeria
Cases,Nigeria
Cases,Nigeria
Cases,Nigeria
Cases,Nigeria
Cases,Nigeria
Cases,Nigeria
Cases,Nigeria
Cases,Nigeria
Cases,Nigeria
Cases,Nigeria
Cases,Nigeria
Cases,Nigeria
Cases,Nigeria
Cases,Nigeria
Cases,Nigeria
Cases,Nigeria
Cases,Nigeria
Cases,Nigeria
Cases,Nigeria
Cases,Nigeria
Cases,Nigeria
Cases,Nigeria
Cases,Nigeria
Cases,Nigeria
Cases,Nigeria
Cases,Nigeria
Cases,Nigeria
Cases,Nigeria
Cases,Nigeria
Cases,Nigeria
Cases,Nigeria
Cases,Nigeria
Cases,Nigeria
Cases,Nigeria
Cases,Nigeria
Cases,Nigeria
Cases,Nigeria
Cases,Nigeria
Cases,Nigeria
Cases,Nigeria
Cases,Nigeria
Cases,Nigeria
Cases,Nigeria
Cases,Nigeria
Cases,Nigeria
Cases,Nigeria
Cases,Nigeria
Cases,Nigeria
Cases,Nigeria
Cases,Nigeria
Cases,Nigeria
Cases,Nigeria
Cases,Nigeria
Cases,Nigeria
Cases,Nigeria
Cases,Nigeria
Cases,Nigeria
Cases,Nigeria
Cases,Nigeria
Cases,Nigeria
Cases,Nigeria
Cases,Nigeria
Cases,Nigeria
Cases,Nigeria
Cases,Nigeria
Cases,Nigeria
Cases,Nigeria
Cases,Nigeria
Cases,Nigeria
Cases,Nigeria
Cases,Nigeria
Cases,Nigeria
Cases,Nigeria
Cases,Nigeria
Cases,Nigeria
Cases,Nigeria
Cases,Nigeria
Cases,Nigeria
Cases,Nigeria
Cases,Nigeria
Cases,Nigeria
Cases,Nigeria
Cases,Nigeria
Cases,Nigeria
Cases,Nigeria
Cases,Nigeria
Cases,Nigeria
Cases,Nigeria
Cases,Nigeria
Cases,Nigeria
Cases,Nigeria
Cases,Nigeria
Cases,Nigeria
Cases,Nigeria
Cases,Nigeria
Cases,Nigeria
Cases,Senegal
Cases,Senegal
Cases,Senegal
Cases,Senegal
Cases,Senegal
Cases,Senegal
Cases,Senegal
Cases,Senegal
Cases,Senegal
Cases,Senegal
Cases,Senegal
Cases,Senegal
Cases,Senegal
Cases,Senegal
Cases,Senegal
Cases,Senegal
Cases,Senegal
Cases,Senegal
Cases,Senegal
Cases,Senegal
Cases,Senegal
Cases,Senegal
Cases,Senegal
Cases,Senegal
Cases,Senegal
Cases,Senegal
Cases,Senegal
Cases,Senegal
Cases,Senegal
Cases,Senegal
Cases,Senegal
Cases,Senegal
Cases,Senegal
Cases,Senegal
Cases,Senegal
Cases,Senegal
Cases,Senegal
Cases,Senegal
Cases,Senegal
Cases,Senegal
Cases,Senegal
Cases,Senegal
Cases,Senegal
Cases,Senegal
Cases,Senegal
Cases,Senegal
Cases,Senegal
Cases,Senegal
Cases,Senegal
Cases,Senegal
Cases,Senegal
Cases,Senegal
Cases,Senegal
Cases,Senegal
Cases,Senegal
Cases,Senegal
Cases,Senegal
Cases,Senegal
Cases,Senegal
Cases,Senegal
Cases,Senegal
Cases,Senegal
Cases,Senegal
Cases,Senegal
Cases,Senegal
Cases,Senegal
Cases,Senegal
Cases,Senegal
Cases,Senegal
Cases,Senegal
Cases,Senegal
Cases,Senegal
Cases,Senegal
Cases,Senegal
Cases,Senegal
Cases,Senegal
Cases,Senegal
Cases,Senegal
Cases,Senegal
Cases,Senegal
Cases,Senegal
Cases,Senegal
Cases,Senegal
Cases,Senegal
Cases,Senegal
Cases,Senegal
Cases,Senegal
Cases,Senegal
Cases,Senegal
Cases,Senegal
Cases,Senegal
Cases,Senegal
Cases,Senegal
Cases,Senegal
Cases,Senegal
Cases,Senegal
Cases,Senegal
Cases,Senegal
Cases,Senegal
Cases,Senegal
Cases,Senegal
Cases,Senegal
Cases,Senegal
Cases,Senegal
Cases,Senegal
Cases,Senegal
Cases,Senegal
Cases,Senegal
Cases,Senegal
Cases,Senegal
Cases,Senegal
Cases,Senegal
Cases,Senegal
Cases,Senegal
Cases,Senegal
Cases,Senegal
Cases,Senegal
Cases,Senegal
Cases,Senegal
Cases,Senegal
Cases,Senegal
Cases,Senegal
Cases,UnitedStates
Cases,UnitedStates
Cases,UnitedStates
Cases,UnitedStates
Cases,UnitedStates
Cases,UnitedStates
Cases,UnitedStates
Cases,UnitedStates
Cases,UnitedStates
Cases,UnitedStates
Cases,UnitedStates
Cases,UnitedStates
Cases,UnitedStates
Cases,UnitedStates
Cases,UnitedStates
Cases,UnitedStates
Cases,UnitedStates
Cases,UnitedStates
Cases,UnitedStates
Cases,UnitedStates
Cases,UnitedStates
Cases,UnitedStates
Cases,UnitedStates
Cases,UnitedStates
Cases,UnitedStates
Cases,UnitedStates
Cases,UnitedStates
Cases,UnitedStates
Cases,UnitedStates
Cases,UnitedStates
Cases,UnitedStates
Cases,UnitedStates
Cases,UnitedStates
Cases,UnitedStates
Cases,UnitedStates
Cases,UnitedStates
Cases,UnitedStates
Cases,UnitedStates
Cases,UnitedStates
Cases,UnitedStates
Cases,UnitedStates
Cases,UnitedStates
Cases,UnitedStates
Cases,UnitedStates
Cases,UnitedStates
Cases,UnitedStates
Cases,UnitedStates
Cases,UnitedStates
Cases,UnitedStates
Cases,UnitedStates
Cases,UnitedStates
Cases,UnitedStates
Cases,UnitedStates
Cases,UnitedStates
Cases,UnitedStates
Cases,UnitedStates
Cases,UnitedStates
Cases,UnitedStates
Cases,UnitedStates
Cases,UnitedStates
Cases,UnitedStates
Cases,UnitedStates
Cases,UnitedStates
Cases,UnitedStates
Cases,UnitedStates
Cases,UnitedStates
Cases,UnitedStates
Cases,UnitedStates
Cases,UnitedStates
Cases,UnitedStates
Cases,UnitedStates
Cases,UnitedStates
Cases,UnitedStates
Cases,UnitedStates
Cases,UnitedStates
Cases,UnitedStates
Cases,UnitedStates
Cases,UnitedStates
Cases,UnitedStates
Cases,UnitedStates
Cases,UnitedStates
Cases,UnitedStates
Cases,UnitedStates
Cases,UnitedStates
Cases,UnitedStates
Cases,UnitedStates
Cases,UnitedStates
Cases,UnitedStates
Cases,UnitedStates
Cases,UnitedStates
Cases,UnitedStates
Cases,UnitedStates
Cases,UnitedStates
Cases,UnitedStates
Cases,UnitedStates
Cases,UnitedStates
Cases,UnitedStates
Cases,UnitedStates
Cases,UnitedStates
Cases,UnitedStates
Cases,UnitedStates
Cases,UnitedStates
Cases,UnitedStates
Cases,UnitedStates
Cases,UnitedStates
Cases,UnitedStates
Cases,UnitedStates
Cases,UnitedStates
Cases,UnitedStates
Cases,UnitedStates
Cases,UnitedStates
Cases,UnitedStates
Cases,UnitedStates
Cases,UnitedStates
Cases,UnitedStates
Cases,UnitedStates
Cases,UnitedStates
Cases,UnitedStates
Cases,UnitedStates
Cases,UnitedStates
Cases,UnitedStates
Cases,UnitedStates
Cases,Spain
Cases,Spain
Cases,Spain
Cases,Spain
Cases,Spain
Cases,Spain
Cases,Spain
Cases,Spain
Cases,Spain
Cases,Spain
Cases,Spain
Cases,Spain
Cases,Spain
Cases,Spain
Cases,Spain
Cases,Spain
Cases,Spain
Cases,Spain
Cases,Spain
Cases,Spain
Cases,Spain
Cases,Spain
Cases,Spain
Cases,Spain
Cases,Spain
Cases,Spain
Cases,Spain
Cases,Spain
Cases,Spain
Cases,Spain
Cases,Spain
Cases,Spain
Cases,Spain
Cases,Spain
Cases,Spain
Cases,Spain
Cases,Spain
Cases,Spain
Cases,Spain
Cases,Spain
Cases,Spain
Cases,Spain
Cases,Spain
Cases,Spain
Cases,Spain
Cases,Spain
Cases,Spain
Cases,Spain
Cases,Spain
Cases,Spain
Cases,Spain
Cases,Spain
Cases,Spain
Cases,Spain
Cases,Spain
Cases,Spain
Cases,Spain
Cases,Spain
Cases,Spain
Cases,Spain
Cases,Spain
Cases,Spain
Cases,Spain
Cases,Spain
Cases,Spain
Cases,Spain
Cases,Spain
Cases,Spain
Cases,Spain
Cases,Spain
Cases,Spain
Cases,Spain
Cases,Spain
Cases,Spain
Cases,Spain
Cases,Spain
Cases,Spain
Cases,Spain
Cases,Spain
Cases,Spain
Cases,Spain
Cases,Spain
Cases,Spain
Cases,Spain
Cases,Spain
Cases,Spain
Cases,Spain
Cases,Spain
Cases,Spain
Cases,Spain
Cases,Spain
Cases,Spain
Cases,Spain
Cases,Spain
Cases,Spain
Cases,Spain
Cases,Spain
Cases,Spain
Cases,Spain
Cases,Spain
Cases,Spain
Cases,Spain
Cases,Spain
Cases,Spain
Cases,Spain
Cases,Spain
Cases,Spain
Cases,Spain
Cases,Spain
Cases,Spain
Cases,Spain
Cases,Spain
Cases,Spain
Cases,Spain
Cases,Spain
Cases,Spain
Cases,Spain
Cases,Spain
Cases,Spain
Cases,Spain
Cases,Spain
Cases,Spain
Cases,Mali
Cases,Mali
Cases,Mali
Cases,Mali
Cases,Mali
Cases,Mali
Cases,Mali
Cases,Mali
Cases,Mali
Cases,Mali
Cases,Mali
Cases,Mali
Cases,Mali
Cases,Mali
Cases,Mali
Cases,Mali
Cases,Mali
Cases,Mali
Cases,Mali
Cases,Mali
Cases,Mali
Cases,Mali
Cases,Mali
Cases,Mali
Cases,Mali
Cases,Mali
Cases,Mali
Cases,Mali
Cases,Mali
Cases,Mali
Cases,Mali
Cases,Mali
Cases,Mali
Cases,Mali
Cases,Mali
Cases,Mali
Cases,Mali
Cases,Mali
Cases,Mali
Cases,Mali
Cases,Mali
Cases,Mali
Cases,Mali
Cases,Mali
Cases,Mali
Cases,Mali
Cases,Mali
Cases,Mali
Cases,Mali
Cases,Mali
Cases,Mali
Cases,Mali
Cases,Mali
Cases,Mali
Cases,Mali
Cases,Mali
Cases,Mali
Cases,Mali
Cases,Mali
Cases,Mali
Cases,Mali
Cases,Mali
Cases,Mali
Cases,Mali
Cases,Mali
Cases,Mali
Cases,Mali
Cases,Mali
Cases,Mali
Cases,Mali
Cases,Mali
Cases,Mali
Cases,Mali
Cases,Mali
Cases,Mali
Cases,Mali
Cases,Mali
Cases,Mali
Cases,Mali
Cases,Mali
Cases,Mali
Cases,Mali
Cases,Mali
Cases,Mali
Cases,Mali
Cases,Mali
Cases,Mali
Cases,Mali
Cases,Mali
Cases,Mali
Cases,Mali
Cases,Mali
Cases,Mali
Cases,Mali
Cases,Mali
Cases,Mali
Cases,Mali
Cases,Mali
Cases,Mali
Cases,Mali
Cases,Mali
Cases,Mali
Cases,Mali
Cases,Mali
Cases,Mali
Cases,Mali
Cases,Mali
Cases,Mali
Cases,Mali
Cases,Mali
Cases,Mali
Cases,Mali
Cases,Mali
Cases,Mali
Cases,Mali
Cases,Mali
Cases,Mali
Cases,Mali
Cases,Mali
Cases,Mali
Cases,Mali
Cases,Mali
Deaths,Guinea
Deaths,Guinea
Deaths,Guinea
Deaths,Guinea
Deaths,Guinea
Deaths,Guinea
Deaths,Guinea
Deaths,Guinea
Deaths,Guinea
Deaths,Guinea
Deaths,Guinea
Deaths,Guinea
Deaths,Guinea
Deaths,Guinea
Deaths,Guinea
Deaths,Guinea
Deaths,Guinea
Deaths,Guinea
Deaths,Guinea
Deaths,Guinea
Deaths,Guinea
Deaths,Guinea
Deaths,Guinea
Deaths,Guinea
Deaths,Guinea
Deaths,Guinea
Deaths,Guinea
Deaths,Guinea
Deaths,Guinea
Deaths,Guinea
Deaths,Guinea
Deaths,Guinea
Deaths,Guinea
Deaths,Guinea
Deaths,Guinea
Deaths,Guinea
Deaths,Guinea
Deaths,Guinea
Deaths,Guinea
Deaths,Guinea
Deaths,Guinea
Deaths,Guinea
Deaths,Guinea
Deaths,Guinea
Deaths,Guinea
Deaths,Guinea
Deaths,Guinea
Deaths,Guinea
Deaths,Guinea
Deaths,Guinea
Deaths,Guinea
Deaths,Guinea
Deaths,Guinea
Deaths,Guinea
Deaths,Guinea
Deaths,Guinea
Deaths,Guinea
Deaths,Guinea
Deaths,Guinea
Deaths,Guinea
Deaths,Guinea
Deaths,Guinea
Deaths,Guinea
Deaths,Guinea
Deaths,Guinea
Deaths,Guinea
Deaths,Guinea
Deaths,Guinea
Deaths,Guinea
Deaths,Guinea
Deaths,Guinea
Deaths,Guinea
Deaths,Guinea
Deaths,Guinea
Deaths,Guinea
Deaths,Guinea
Deaths,Guinea
Deaths,Guinea
Deaths,Guinea
Deaths,Guinea
Deaths,Guinea
Deaths,Guinea
Deaths,Guinea
Deaths,Guinea
Deaths,Guinea
Deaths,Guinea
Deaths,Guinea
Deaths,Guinea
Deaths,Guinea
Deaths,Guinea
Deaths,Guinea
Deaths,Guinea
Deaths,Guinea
Deaths,Guinea
Deaths,Guinea
Deaths,Guinea
Deaths,Guinea
Deaths,Guinea
Deaths,Guinea
Deaths,Guinea
Deaths,Guinea
Deaths,Guinea
Deaths,Guinea
Deaths,Guinea
Deaths,Guinea
Deaths,Guinea
Deaths,Guinea
Deaths,Guinea
Deaths,Guinea
Deaths,Guinea
Deaths,Guinea
Deaths,Guinea
Deaths,Guinea
Deaths,Guinea
Deaths,Guinea
Deaths,Guinea
Deaths,Guinea
Deaths,Guinea
Deaths,Guinea
Deaths,Guinea
Deaths,Guinea
Deaths,Guinea
Deaths,Liberia
Deaths,Liberia
Deaths,Liberia
Deaths,Liberia
Deaths,Liberia
Deaths,Liberia
Deaths,Liberia
Deaths,Liberia
Deaths,Liberia
Deaths,Liberia
Deaths,Liberia
Deaths,Liberia
Deaths,Liberia
Deaths,Liberia
Deaths,Liberia
Deaths,Liberia
Deaths,Liberia
Deaths,Liberia
Deaths,Liberia
Deaths,Liberia
Deaths,Liberia
Deaths,Liberia
Deaths,Liberia
Deaths,Liberia
Deaths,Liberia
Deaths,Liberia
Deaths,Liberia
Deaths,Liberia
Deaths,Liberia
Deaths,Liberia
Deaths,Liberia
Deaths,Liberia
Deaths,Liberia
Deaths,Liberia
Deaths,Liberia
Deaths,Liberia
Deaths,Liberia
Deaths,Liberia
Deaths,Liberia
Deaths,Liberia
Deaths,Liberia
Deaths,Liberia
Deaths,Liberia
Deaths,Liberia
Deaths,Liberia
Deaths,Liberia
Deaths,Liberia
Deaths,Liberia
Deaths,Liberia
Deaths,Liberia
Deaths,Liberia
Deaths,Liberia
Deaths,Liberia
Deaths,Liberia
Deaths,Liberia
Deaths,Liberia
Deaths,Liberia
Deaths,Liberia
Deaths,Liberia
Deaths,Liberia
Deaths,Liberia
Deaths,Liberia
Deaths,Liberia
Deaths,Liberia
Deaths,Liberia
Deaths,Liberia
Deaths,Liberia
Deaths,Liberia
Deaths,Liberia
Deaths,Liberia
Deaths,Liberia
Deaths,Liberia
Deaths,Liberia
Deaths,Liberia
Deaths,Liberia
Deaths,Liberia
Deaths,Liberia
Deaths,Liberia
Deaths,Liberia
Deaths,Liberia
Deaths,Liberia
Deaths,Liberia
Deaths,Liberia
Deaths,Liberia
Deaths,Liberia
Deaths,Liberia
Deaths,Liberia
Deaths,Liberia
Deaths,Liberia
Deaths,Liberia
Deaths,Liberia
Deaths,Liberia
Deaths,Liberia
Deaths,Liberia
Deaths,Liberia
Deaths,Liberia
Deaths,Liberia
Deaths,Liberia
Deaths,Liberia
Deaths,Liberia
Deaths,Liberia
Deaths,Liberia
Deaths,Liberia
Deaths,Liberia
Deaths,Liberia
Deaths,Liberia
Deaths,Liberia
Deaths,Liberia
Deaths,Liberia
Deaths,Liberia
Deaths,Liberia
Deaths,Liberia
Deaths,Liberia
Deaths,Liberia
Deaths,Liberia
Deaths,Liberia
Deaths,Liberia
Deaths,Liberia
Deaths,Liberia
Deaths,Liberia
Deaths,Liberia
Deaths,Liberia
Deaths,SierraLeone
Deaths,SierraLeone
Deaths,SierraLeone
Deaths,SierraLeone
Deaths,SierraLeone
Deaths,SierraLeone
Deaths,SierraLeone
Deaths,SierraLeone
Deaths,SierraLeone
Deaths,SierraLeone
Deaths,SierraLeone
Deaths,SierraLeone
Deaths,SierraLeone
Deaths,SierraLeone
Deaths,SierraLeone
Deaths,SierraLeone
Deaths,SierraLeone
Deaths,SierraLeone
Deaths,SierraLeone
Deaths,SierraLeone
Deaths,SierraLeone
Deaths,SierraLeone
Deaths,SierraLeone
Deaths,SierraLeone
Deaths,SierraLeone
Deaths,SierraLeone
Deaths,SierraLeone
Deaths,SierraLeone
Deaths,SierraLeone
Deaths,SierraLeone
Deaths,SierraLeone
Deaths,SierraLeone
Deaths,SierraLeone
Deaths,SierraLeone
Deaths,SierraLeone
Deaths,SierraLeone
Deaths,SierraLeone
Deaths,SierraLeone
Deaths,SierraLeone
Deaths,SierraLeone
Deaths,SierraLeone
Deaths,SierraLeone
Deaths,SierraLeone
Deaths,SierraLeone
Deaths,SierraLeone
Deaths,SierraLeone
Deaths,SierraLeone
Deaths,SierraLeone
Deaths,SierraLeone
Deaths,SierraLeone
Deaths,SierraLeone
Deaths,SierraLeone
Deaths,SierraLeone
Deaths,SierraLeone
Deaths,SierraLeone
Deaths,SierraLeone
Deaths,SierraLeone
Deaths,SierraLeone
Deaths,SierraLeone
Deaths,SierraLeone
Deaths,SierraLeone
Deaths,SierraLeone
Deaths,SierraLeone
Deaths,SierraLeone
Deaths,SierraLeone
Deaths,SierraLeone
Deaths,SierraLeone
Deaths,SierraLeone
Deaths,SierraLeone
Deaths,SierraLeone
Deaths,SierraLeone
Deaths,SierraLeone
Deaths,SierraLeone
Deaths,SierraLeone
Deaths,SierraLeone
Deaths,SierraLeone
Deaths,SierraLeone
Deaths,SierraLeone
Deaths,SierraLeone
Deaths,SierraLeone
Deaths,SierraLeone
Deaths,SierraLeone
Deaths,SierraLeone
Deaths,SierraLeone
Deaths,SierraLeone
Deaths,SierraLeone
Deaths,SierraLeone
Deaths,SierraLeone
Deaths,SierraLeone
Deaths,SierraLeone
Deaths,SierraLeone
Deaths,SierraLeone
Deaths,SierraLeone
Deaths,SierraLeone
Deaths,SierraLeone
Deaths,SierraLeone
Deaths,SierraLeone
Deaths,SierraLeone
Deaths,SierraLeone
Deaths,SierraLeone
Deaths,SierraLeone
Deaths,SierraLeone
Deaths,SierraLeone
Deaths,SierraLeone
Deaths,SierraLeone
Deaths,SierraLeone
Deaths,SierraLeone
Deaths,SierraLeone
Deaths,SierraLeone
Deaths,SierraLeone
Deaths,SierraLeone
Deaths,SierraLeone
Deaths,SierraLeone
Deaths,SierraLeone
Deaths,SierraLeone
Deaths,SierraLeone
Deaths,SierraLeone
Deaths,SierraLeone
Deaths,SierraLeone
Deaths,SierraLeone
Deaths,SierraLeone
Deaths,SierraLeone
Deaths,Nigeria
Deaths,Nigeria
Deaths,Nigeria
Deaths,Nigeria
Deaths,Nigeria
Deaths,Nigeria
Deaths,Nigeria
Deaths,Nigeria
Deaths,Nigeria
Deaths,Nigeria
Deaths,Nigeria
Deaths,Nigeria
Deaths,Nigeria
Deaths,Nigeria
Deaths,Nigeria
Deaths,Nigeria
Deaths,Nigeria
Deaths,Nigeria
Deaths,Nigeria
Deaths,Nigeria
Deaths,Nigeria
Deaths,Nigeria
Deaths,Nigeria
Deaths,Nigeria
Deaths,Nigeria
Deaths,Nigeria
Deaths,Nigeria
Deaths,Nigeria
Deaths,Nigeria
Deaths,Nigeria
Deaths,Nigeria
Deaths,Nigeria
Deaths,Nigeria
Deaths,Nigeria
Deaths,Nigeria
Deaths,Nigeria
Deaths,Nigeria
Deaths,Nigeria
Deaths,Nigeria
Deaths,Nigeria
Deaths,Nigeria
Deaths,Nigeria
Deaths,Nigeria
Deaths,Nigeria
Deaths,Nigeria
Deaths,Nigeria
Deaths,Nigeria
Deaths,Nigeria
Deaths,Nigeria
Deaths,Nigeria
Deaths,Nigeria
Deaths,Nigeria
Deaths,Nigeria
Deaths,Nigeria
Deaths,Nigeria
Deaths,Nigeria
Deaths,Nigeria
Deaths,Nigeria
Deaths,Nigeria
Deaths,Nigeria
Deaths,Nigeria
Deaths,Nigeria
Deaths,Nigeria
Deaths,Nigeria
Deaths,Nigeria
Deaths,Nigeria
Deaths,Nigeria
Deaths,Nigeria
Deaths,Nigeria
Deaths,Nigeria
Deaths,Nigeria
Deaths,Nigeria
Deaths,Nigeria
Deaths,Nigeria
Deaths,Nigeria
Deaths,Nigeria
Deaths,Nigeria
Deaths,Nigeria
Deaths,Nigeria
Deaths,Nigeria
Deaths,Nigeria
Deaths,Nigeria
Deaths,Nigeria
Deaths,Nigeria
Deaths,Nigeria
Deaths,Nigeria
Deaths,Nigeria
Deaths,Nigeria
Deaths,Nigeria
Deaths,Nigeria
Deaths,Nigeria
Deaths,Nigeria
Deaths,Nigeria
Deaths,Nigeria
Deaths,Nigeria
Deaths,Nigeria
Deaths,Nigeria
Deaths,Nigeria
Deaths,Nigeria
Deaths,Nigeria
Deaths,Nigeria
Deaths,Nigeria
Deaths,Nigeria
Deaths,Nigeria
Deaths,Nigeria
Deaths,Nigeria
Deaths,Nigeria
Deaths,Nigeria
Deaths,Nigeria
Deaths,Nigeria
Deaths,Nigeria
Deaths,Nigeria
Deaths,Nigeria
Deaths,Nigeria
Deaths,Nigeria
Deaths,Nigeria
Deaths,Nigeria
Deaths,Nigeria
Deaths,Nigeria
Deaths,Nigeria
Deaths,Nigeria
Deaths,Nigeria
Deaths,Senegal
Deaths,Senegal
Deaths,Senegal
Deaths,Senegal
Deaths,Senegal
Deaths,Senegal
Deaths,Senegal
Deaths,Senegal
Deaths,Senegal
Deaths,Senegal
Deaths,Senegal
Deaths,Senegal
Deaths,Senegal
Deaths,Senegal
Deaths,Senegal
Deaths,Senegal
Deaths,Senegal
Deaths,Senegal
Deaths,Senegal
Deaths,Senegal
Deaths,Senegal
Deaths,Senegal
Deaths,Senegal
Deaths,Senegal
Deaths,Senegal
Deaths,Senegal
Deaths,Senegal
Deaths,Senegal
Deaths,Senegal
Deaths,Senegal
Deaths,Senegal
Deaths,Senegal
Deaths,Senegal
Deaths,Senegal
Deaths,Senegal
Deaths,Senegal
Deaths,Senegal
Deaths,Senegal
Deaths,Senegal
Deaths,Senegal
Deaths,Senegal
Deaths,Senegal
Deaths,Senegal
Deaths,Senegal
Deaths,Senegal
Deaths,Senegal
Deaths,Senegal
Deaths,Senegal
Deaths,Senegal
Deaths,Senegal
Deaths,Senegal
Deaths,Senegal
Deaths,Senegal
Deaths,Senegal
Deaths,Senegal
Deaths,Senegal
Deaths,Senegal
Deaths,Senegal
Deaths,Senegal
Deaths,Senegal
Deaths,Senegal
Deaths,Senegal
Deaths,Senegal
Deaths,Senegal
Deaths,Senegal
Deaths,Senegal
Deaths,Senegal
Deaths,Senegal
Deaths,Senegal
Deaths,Senegal
Deaths,Senegal
Deaths,Senegal
Deaths,Senegal
Deaths,Senegal
Deaths,Senegal
Deaths,Senegal
Deaths,Senegal
Deaths,Senegal
Deaths,Senegal
Deaths,Senegal
Deaths,Senegal
Deaths,Senegal
Deaths,Senegal
Deaths,Senegal
Deaths,Senegal
Deaths,Senegal
Deaths,Senegal
Deaths,Senegal
Deaths,Senegal
Deaths,Senegal
Deaths,Senegal
Deaths,Senegal
Deaths,Senegal
Deaths,Senegal
Deaths,Senegal
Deaths,Senegal
Deaths,Senegal
Deaths,Senegal
Deaths,Senegal
Deaths,Senegal
Deaths,Senegal
Deaths,Senegal
Deaths,Senegal
Deaths,Senegal
Deaths,Senegal
Deaths,Senegal
Deaths,Senegal
Deaths,Senegal
Deaths,Senegal
Deaths,Senegal
Deaths,Senegal
Deaths,Senegal
Deaths,Senegal
Deaths,Senegal
Deaths,Senegal
Deaths,Senegal
Deaths,Senegal
Deaths,Senegal
Deaths,Senegal
Deaths,Senegal
Deaths,Senegal
Deaths,Senegal
Deaths,UnitedStates
Deaths,UnitedStates
Deaths,UnitedStates
Deaths,UnitedStates
Deaths,UnitedStates
Deaths,UnitedStates
Deaths,UnitedStates
Deaths,UnitedStates
Deaths,UnitedStates
Deaths,UnitedStates
Deaths,UnitedStates
Deaths,UnitedStates
Deaths,UnitedStates
Deaths,UnitedStates
Deaths,UnitedStates
Deaths,UnitedStates
Deaths,UnitedStates
Deaths,UnitedStates
Deaths,UnitedStates
Deaths,UnitedStates
Deaths,UnitedStates
Deaths,UnitedStates
Deaths,UnitedStates
Deaths,UnitedStates
Deaths,UnitedStates
Deaths,UnitedStates
Deaths,UnitedStates
Deaths,UnitedStates
Deaths,UnitedStates
Deaths,UnitedStates
Deaths,UnitedStates
Deaths,UnitedStates
Deaths,UnitedStates
Deaths,UnitedStates
Deaths,UnitedStates
Deaths,UnitedStates
Deaths,UnitedStates
Deaths,UnitedStates
Deaths,UnitedStates
Deaths,UnitedStates
Deaths,UnitedStates
Deaths,UnitedStates
Deaths,UnitedStates
Deaths,UnitedStates
Deaths,UnitedStates
Deaths,UnitedStates
Deaths,UnitedStates
Deaths,UnitedStates
Deaths,UnitedStates
Deaths,UnitedStates
Deaths,UnitedStates
Deaths,UnitedStates
Deaths,UnitedStates
Deaths,UnitedStates
Deaths,UnitedStates
Deaths,UnitedStates
Deaths,UnitedStates
Deaths,UnitedStates
Deaths,UnitedStates
Deaths,UnitedStates
Deaths,UnitedStates
Deaths,UnitedStates
Deaths,UnitedStates
Deaths,UnitedStates
Deaths,UnitedStates
Deaths,UnitedStates
Deaths,UnitedStates
Deaths,UnitedStates
Deaths,UnitedStates
Deaths,UnitedStates
Deaths,UnitedStates
Deaths,UnitedStates
Deaths,UnitedStates
Deaths,UnitedStates
Deaths,UnitedStates
Deaths,UnitedStates
Deaths,UnitedStates
Deaths,UnitedStates
Deaths,UnitedStates
Deaths,UnitedStates
Deaths,UnitedStates
Deaths,UnitedStates
Deaths,UnitedStates
Deaths,UnitedStates
Deaths,UnitedStates
Deaths,UnitedStates
Deaths,UnitedStates
Deaths,UnitedStates
Deaths,UnitedStates
Deaths,UnitedStates
Deaths,UnitedStates
Deaths,UnitedStates
Deaths,UnitedStates
Deaths,UnitedStates
Deaths,UnitedStates
Deaths,UnitedStates
Deaths,UnitedStates
Deaths,UnitedStates
Deaths,UnitedStates
Deaths,UnitedStates
Deaths,UnitedStates
Deaths,UnitedStates
Deaths,UnitedStates
Deaths,UnitedStates
Deaths,UnitedStates
Deaths,UnitedStates
Deaths,UnitedStates
Deaths,UnitedStates
Deaths,UnitedStates
Deaths,UnitedStates
Deaths,UnitedStates
Deaths,UnitedStates
Deaths,UnitedStates
Deaths,UnitedStates
Deaths,UnitedStates
Deaths,UnitedStates
Deaths,UnitedStates
Deaths,UnitedStates
Deaths,UnitedStates
Deaths,UnitedStates
Deaths,UnitedStates
Deaths,UnitedStates
Deaths,Spain
Deaths,Spain
Deaths,Spain
Deaths,Spain
Deaths,Spain
Deaths,Spain
Deaths,Spain
Deaths,Spain
Deaths,Spain
Deaths,Spain
Deaths,Spain
Deaths,Spain
Deaths,Spain
Deaths,Spain
Deaths,Spain
Deaths,Spain
Deaths,Spain
Deaths,Spain
Deaths,Spain
Deaths,Spain
Deaths,Spain
Deaths,Spain
Deaths,Spain
Deaths,Spain
Deaths,Spain
Deaths,Spain
Deaths,Spain
Deaths,Spain
Deaths,Spain
Deaths,Spain
Deaths,Spain
Deaths,Spain
Deaths,Spain
Deaths,Spain
Deaths,Spain
Deaths,Spain
Deaths,Spain
Deaths,Spain
Deaths,Spain
Deaths,Spain
Deaths,Spain
Deaths,Spain
Deaths,Spain
Deaths,Spain
Deaths,Spain
Deaths,Spain
Deaths,Spain
Deaths,Spain
Deaths,Spain
Deaths,Spain
Deaths,Spain
Deaths,Spain
Deaths,Spain
Deaths,Spain
Deaths,Spain
Deaths,Spain
Deaths,Spain
Deaths,Spain
Deaths,Spain
Deaths,Spain
Deaths,Spain
Deaths,Spain
Deaths,Spain
Deaths,Spain
Deaths,Spain
Deaths,Spain
Deaths,Spain
Deaths,Spain
Deaths,Spain
Deaths,Spain
Deaths,Spain
Deaths,Spain
Deaths,Spain
Deaths,Spain
Deaths,Spain
Deaths,Spain
Deaths,Spain
Deaths,Spain
Deaths,Spain
Deaths,Spain
Deaths,Spain
Deaths,Spain
Deaths,Spain
Deaths,Spain
Deaths,Spain
Deaths,Spain
Deaths,Spain
Deaths,Spain
Deaths,Spain
Deaths,Spain
Deaths,Spain
Deaths,Spain
Deaths,Spain
Deaths,Spain
Deaths,Spain
Deaths,Spain
Deaths,Spain
Deaths,Spain
Deaths,Spain
Deaths,Spain
Deaths,Spain
Deaths,Spain
Deaths,Spain
Deaths,Spain
Deaths,Spain
Deaths,Spain
Deaths,Spain
Deaths,Spain
Deaths,Spain
Deaths,Spain
Deaths,Spain
Deaths,Spain
Deaths,Spain
Deaths,Spain
Deaths,Spain
Deaths,Spain
Deaths,Spain
Deaths,Spain
Deaths,Spain
Deaths,Spain
Deaths,Spain
Deaths,Spain
Deaths,Mali
Deaths,Mali
Deaths,Mali
Deaths,Mali
Deaths,Mali
Deaths,Mali
Deaths,Mali
Deaths,Mali
Deaths,Mali
Deaths,Mali
Deaths,Mali
Deaths,Mali
Deaths,Mali
Deaths,Mali
Deaths,Mali
Deaths,Mali
Deaths,Mali
Deaths,Mali
Deaths,Mali
Deaths,Mali
Deaths,Mali
Deaths,Mali
Deaths,Mali
Deaths,Mali
Deaths,Mali
Deaths,Mali
Deaths,Mali
Deaths,Mali
Deaths,Mali
Deaths,Mali
Deaths,Mali
Deaths,Mali
Deaths,Mali
Deaths,Mali
Deaths,Mali
Deaths,Mali
Deaths,Mali
Deaths,Mali
Deaths,Mali
Deaths,Mali
Deaths,Mali
Deaths,Mali
Deaths,Mali
Deaths,Mali
Deaths,Mali
Deaths,Mali
Deaths,Mali
Deaths,Mali
Deaths,Mali
Deaths,Mali
Deaths,Mali
Deaths,Mali
Deaths,Mali
Deaths,Mali
Deaths,Mali
Deaths,Mali
Deaths,Mali
Deaths,Mali
Deaths,Mali
Deaths,Mali
Deaths,Mali
Deaths,Mali
Deaths,Mali
Deaths,Mali
Deaths,Mali
Deaths,Mali
Deaths,Mali
Deaths,Mali
Deaths,Mali
Deaths,Mali
Deaths,Mali
Deaths,Mali
Deaths,Mali
Deaths,Mali
Deaths,Mali
Deaths,Mali
Deaths,Mali
Deaths,Mali
Deaths,Mali
Deaths,Mali
Deaths,Mali
Deaths,Mali
Deaths,Mali
Deaths,Mali
Deaths,Mali
Deaths,Mali
Deaths,Mali
Deaths,Mali
Deaths,Mali
Deaths,Mali
Deaths,Mali
Deaths,Mali
Deaths,Mali
Deaths,Mali
Deaths,Mali
Deaths,Mali
Deaths,Mali
Deaths,Mali
Deaths,Mali
Deaths,Mali
Deaths,Mali
Deaths,Mali
Deaths,Mali
Deaths,Mali
Deaths,Mali
Deaths,Mali
Deaths,Mali
Deaths,Mali
Deaths,Mali
Deaths,Mali
Deaths,Mali
Deaths,Mali
Deaths,Mali
Deaths,Mali
Deaths,Mali
Deaths,Mali
Deaths,Mali
Deaths,Mali
Deaths,Mali
Deaths,Mali
Deaths,Mali
Deaths,Mali
