Date,Day,status_country,counts
1/5/2015,289,Cases_Guinea,2776
1/4/2015,288,Cases_Guinea,2775
1/3/2015,287,Cases_Guinea,2769
1/2/2015,286,Cases_Guinea,
12/31/2014,284,Cases_Guinea,2730
12/28/2014,281,Cases_Guinea,2706
12/27/2014,280,Cases_Guinea,2695
12/24/2014,277,Cases_Guinea,2630
12/21/2014,273,Cases_Guinea,2597
12/20/2014,272,Cases_Guinea,2571
12/18/2014,271,Cases_Guinea,
12/14/2014,267,Cases_Guinea,2416
12/9/2014,262,Cases_Guinea,
12/7/2014,260,Cases_Guinea,2292
12/3/2014,256,Cases_Guinea,
11/30/2014,253,Cases_Guinea,2164
11/28/2014,251,Cases_Guinea,
11/23/2014,246,Cases_Guinea,2134
11/22/2014,245,Cases_Guinea,
11/18/2014,241,Cases_Guinea,2047
11/16/2014,239,Cases_Guinea,1971
11/15/2014,238,Cases_Guinea,
11/11/2014,234,Cases_Guinea,1919
11/10/2014,233,Cases_Guinea,
11/9/2014,232,Cases_Guinea,1878
11/8/2014,231,Cases_Guinea,
11/4/2014,227,Cases_Guinea,
11/3/2014,226,Cases_Guinea,1760
11/2/2014,225,Cases_Guinea,1731
10/31/2014,222,Cases_Guinea,
10/29/2014,220,Cases_Guinea,1667
10/27/2014,218,Cases_Guinea,1906
10/25/2014,216,Cases_Guinea,
10/22/2014,214,Cases_Guinea,
10/21/2014,213,Cases_Guinea,1553
10/19/2014,211,Cases_Guinea,1540
10/18/2014,210,Cases_Guinea,
10/14/2014,206,Cases_Guinea,1519
10/13/2014,205,Cases_Guinea,
10/12/2014,204,Cases_Guinea,1472
10/11/2014,203,Cases_Guinea,
10/8/2014,200,Cases_Guinea,
10/7/2014,199,Cases_Guinea,1350
10/5/2014,197,Cases_Guinea,1298
10/4/2014,196,Cases_Guinea,
10/1/2014,193,Cases_Guinea,1199
9/28/2014,190,Cases_Guinea,1157
9/23/2014,185,Cases_Guinea,1074
9/21/2014,183,Cases_Guinea,1022
9/20/2014,182,Cases_Guinea,
9/19/2014,181,Cases_Guinea,1008
9/17/2014,179,Cases_Guinea,
9/14/2014,176,Cases_Guinea,942
9/13/2014,175,Cases_Guinea,936
9/10/2014,172,Cases_Guinea,899
9/9/2014,171,Cases_Guinea,
9/7/2014,169,Cases_Guinea,861
9/5/2014,167,Cases_Guinea,812
8/31/2014,162,Cases_Guinea,771
8/26/2014,157,Cases_Guinea,648
8/20/2014,151,Cases_Guinea,607
8/18/2014,149,Cases_Guinea,579
8/16/2014,147,Cases_Guinea,543
8/13/2014,144,Cases_Guinea,519
8/11/2014,142,Cases_Guinea,510
8/9/2014,140,Cases_Guinea,506
8/6/2014,137,Cases_Guinea,495
8/4/2014,135,Cases_Guinea,495
8/1/2014,132,Cases_Guinea,485
7/30/2014,129,Cases_Guinea,472
7/27/2014,126,Cases_Guinea,460
7/23/2014,123,Cases_Guinea,427
7/20/2014,120,Cases_Guinea,415
7/17/2014,117,Cases_Guinea,410
7/14/2014,114,Cases_Guinea,411
7/12/2014,112,Cases_Guinea,406
7/8/2014,108,Cases_Guinea,409
7/6/2014,106,Cases_Guinea,408
7/2/2014,102,Cases_Guinea,412
6/30/2014,100,Cases_Guinea,413
6/22/2014,92,Cases_Guinea,
6/20/2014,90,Cases_Guinea,390
6/19/2014,89,Cases_Guinea,
6/18/2014,88,Cases_Guinea,390
6/17/2014,87,Cases_Guinea,
6/16/2014,86,Cases_Guinea,398
6/10/2014,80,Cases_Guinea,351
6/5/2014,75,Cases_Guinea,
6/3/2014,73,Cases_Guinea,344
6/1/2014,71,Cases_Guinea,328
5/28/2014,67,Cases_Guinea,291
5/27/2014,66,Cases_Guinea,281
5/23/2014,62,Cases_Guinea,258
5/12/2014,51,Cases_Guinea,248
5/10/2014,49,Cases_Guinea,233
5/7/2014,46,Cases_Guinea,236
5/5/2014,44,Cases_Guinea,235
5/3/2014,42,Cases_Guinea,231
5/1/2014,40,Cases_Guinea,226
4/26/2014,35,Cases_Guinea,224
4/24/2014,33,Cases_Guinea,
4/23/2014,32,Cases_Guinea,218
4/22/2014,31,Cases_Guinea,
4/21/2014,30,Cases_Guinea,
4/20/2014,29,Cases_Guinea,208
4/17/2014,26,Cases_Guinea,203
4/16/2014,25,Cases_Guinea,197
4/15/2014,24,Cases_Guinea,
4/14/2014,23,Cases_Guinea,168
4/11/2014,20,Cases_Guinea,159
4/9/2014,18,Cases_Guinea,158
4/7/2014,16,Cases_Guinea,151
4/4/2014,13,Cases_Guinea,143
4/1/2014,10,Cases_Guinea,127
3/31/2014,9,Cases_Guinea,122
3/29/2014,7,Cases_Guinea,112
3/28/2014,6,Cases_Guinea,112
3/27/2014,5,Cases_Guinea,103
3/26/2014,4,Cases_Guinea,86
3/25/2014,3,Cases_Guinea,86
3/24/2014,2,Cases_Guinea,86
3/22/2014,0,Cases_Guinea,49
1/5/2015,289,Cases_Liberia,
1/4/2015,288,Cases_Liberia,
1/3/2015,287,Cases_Liberia,8166
1/2/2015,286,Cases_Liberia,8157
12/31/2014,284,Cases_Liberia,8115
12/28/2014,281,Cases_Liberia,8018
12/27/2014,280,Cases_Liberia,
12/24/2014,277,Cases_Liberia,7977
12/21/2014,273,Cases_Liberia,
12/20/2014,272,Cases_Liberia,7862
12/18/2014,271,Cases_Liberia,7830
12/14/2014,267,Cases_Liberia,
12/9/2014,262,Cases_Liberia,7797
12/7/2014,260,Cases_Liberia,
12/3/2014,256,Cases_Liberia,7719
11/30/2014,253,Cases_Liberia,
11/28/2014,251,Cases_Liberia,7635
11/23/2014,246,Cases_Liberia,
11/22/2014,245,Cases_Liberia,7168
11/18/2014,241,Cases_Liberia,7082
11/16/2014,239,Cases_Liberia,
11/15/2014,238,Cases_Liberia,7069
11/11/2014,234,Cases_Liberia,
11/10/2014,233,Cases_Liberia,6878
11/9/2014,232,Cases_Liberia,
11/8/2014,231,Cases_Liberia,6822
11/4/2014,227,Cases_Liberia,6619
11/3/2014,226,Cases_Liberia,
11/2/2014,225,Cases_Liberia,
10/31/2014,222,Cases_Liberia,6525
10/29/2014,220,Cases_Liberia,
10/27/2014,218,Cases_Liberia,
10/25/2014,216,Cases_Liberia,6535
10/22/2014,214,Cases_Liberia,
10/21/2014,213,Cases_Liberia,
10/19/2014,211,Cases_Liberia,
10/18/2014,210,Cases_Liberia,4665
10/14/2014,206,Cases_Liberia,
10/13/2014,205,Cases_Liberia,4262
10/12/2014,204,Cases_Liberia,
10/11/2014,203,Cases_Liberia,4249
10/8/2014,200,Cases_Liberia,
10/7/2014,199,Cases_Liberia,4076
10/5/2014,197,Cases_Liberia,
10/4/2014,196,Cases_Liberia,3924
10/1/2014,193,Cases_Liberia,3834
9/28/2014,190,Cases_Liberia,3696
9/23/2014,185,Cases_Liberia,3458
9/21/2014,183,Cases_Liberia,3280
9/20/2014,182,Cases_Liberia,
9/19/2014,181,Cases_Liberia,
9/17/2014,179,Cases_Liberia,3022
9/14/2014,176,Cases_Liberia,2710
9/13/2014,175,Cases_Liberia,
9/10/2014,172,Cases_Liberia,
9/9/2014,171,Cases_Liberia,2407
9/7/2014,169,Cases_Liberia,2081
9/5/2014,167,Cases_Liberia,1871
8/31/2014,162,Cases_Liberia,1698
8/26/2014,157,Cases_Liberia,1378
8/20/2014,151,Cases_Liberia,1082
8/18/2014,149,Cases_Liberia,972
8/16/2014,147,Cases_Liberia,834
8/13/2014,144,Cases_Liberia,786
8/11/2014,142,Cases_Liberia,670
8/9/2014,140,Cases_Liberia,599
8/6/2014,137,Cases_Liberia,554
8/4/2014,135,Cases_Liberia,516
8/1/2014,132,Cases_Liberia,468
7/30/2014,129,Cases_Liberia,391
7/27/2014,126,Cases_Liberia,329
7/23/2014,123,Cases_Liberia,249
7/20/2014,120,Cases_Liberia,224
7/17/2014,117,Cases_Liberia,196
7/14/2014,114,Cases_Liberia,174
7/12/2014,112,Cases_Liberia,172
7/8/2014,108,Cases_Liberia,142
7/6/2014,106,Cases_Liberia,131
7/2/2014,102,Cases_Liberia,115
6/30/2014,100,Cases_Liberia,107
6/22/2014,92,Cases_Liberia,51
6/20/2014,90,Cases_Liberia,
6/19/2014,89,Cases_Liberia,41
6/18/2014,88,Cases_Liberia,
6/17/2014,87,Cases_Liberia,
6/16/2014,86,Cases_Liberia,33
6/10/2014,80,Cases_Liberia,13
6/5/2014,75,Cases_Liberia,13
6/3/2014,73,Cases_Liberia,13
6/1/2014,71,Cases_Liberia,13
5/28/2014,67,Cases_Liberia,13
5/27/2014,66,Cases_Liberia,12
5/23/2014,62,Cases_Liberia,12
5/12/2014,51,Cases_Liberia,12
5/10/2014,49,Cases_Liberia,12
5/7/2014,46,Cases_Liberia,13
5/5/2014,44,Cases_Liberia,13
5/3/2014,42,Cases_Liberia,13
5/1/2014,40,Cases_Liberia,13
4/26/2014,35,Cases_Liberia,
4/24/2014,33,Cases_Liberia,35
4/23/2014,32,Cases_Liberia,
4/22/2014,31,Cases_Liberia,
4/21/2014,30,Cases_Liberia,34
4/20/2014,29,Cases_Liberia,
4/17/2014,26,Cases_Liberia,27
4/16/2014,25,Cases_Liberia,27
4/15/2014,24,Cases_Liberia,
4/14/2014,23,Cases_Liberia,
4/11/2014,20,Cases_Liberia,26
4/9/2014,18,Cases_Liberia,25
4/7/2014,16,Cases_Liberia,21
4/4/2014,13,Cases_Liberia,18
4/1/2014,10,Cases_Liberia,8
3/31/2014,9,Cases_Liberia,8
3/29/2014,7,Cases_Liberia,7
3/28/2014,6,Cases_Liberia,3
3/27/2014,5,Cases_Liberia,8
3/26/2014,4,Cases_Liberia,
3/25/2014,3,Cases_Liberia,
3/24/2014,2,Cases_Liberia,
3/22/2014,0,Cases_Liberia,
1/5/2015,289,Cases_SierraLeone,10030
1/4/2015,288,Cases_SierraLeone,9780
1/3/2015,287,Cases_SierraLeone,9722
1/2/2015,286,Cases_SierraLeone,
12/31/2014,284,Cases_SierraLeone,9633
12/28/2014,281,Cases_SierraLeone,9446
12/27/2014,280,Cases_SierraLeone,9409
12/24/2014,277,Cases_SierraLeone,9203
12/21/2014,273,Cases_SierraLeone,9004
12/20/2014,272,Cases_SierraLeone,8939
12/18/2014,271,Cases_SierraLeone,
12/14/2014,267,Cases_SierraLeone,8356
12/9/2014,262,Cases_SierraLeone,
12/7/2014,260,Cases_SierraLeone,7897
12/3/2014,256,Cases_SierraLeone,
11/30/2014,253,Cases_SierraLeone,7312
11/28/2014,251,Cases_SierraLeone,
11/23/2014,246,Cases_SierraLeone,6599
11/22/2014,245,Cases_SierraLeone,
11/18/2014,241,Cases_SierraLeone,6190
11/16/2014,239,Cases_SierraLeone,6073
11/15/2014,238,Cases_SierraLeone,
11/11/2014,234,Cases_SierraLeone,5586
11/10/2014,233,Cases_SierraLeone,
11/9/2014,232,Cases_SierraLeone,5368
11/8/2014,231,Cases_SierraLeone,
11/4/2014,227,Cases_SierraLeone,4862
11/3/2014,226,Cases_SierraLeone,
11/2/2014,225,Cases_SierraLeone,4759
10/31/2014,222,Cases_SierraLeone,
10/29/2014,220,Cases_SierraLeone,5338
10/27/2014,218,Cases_SierraLeone,5235
10/25/2014,216,Cases_SierraLeone,
10/22/2014,214,Cases_SierraLeone,3896
10/21/2014,213,Cases_SierraLeone,
10/19/2014,211,Cases_SierraLeone,3706
10/18/2014,210,Cases_SierraLeone,
10/14/2014,206,Cases_SierraLeone,3410
10/13/2014,205,Cases_SierraLeone,
10/12/2014,204,Cases_SierraLeone,3252
10/11/2014,203,Cases_SierraLeone,
10/8/2014,200,Cases_SierraLeone,2950
10/7/2014,199,Cases_SierraLeone,
10/5/2014,197,Cases_SierraLeone,2789
10/4/2014,196,Cases_SierraLeone,
10/1/2014,193,Cases_SierraLeone,2437
9/28/2014,190,Cases_SierraLeone,2304
9/23/2014,185,Cases_SierraLeone,2021
9/21/2014,183,Cases_SierraLeone,1940
9/20/2014,182,Cases_SierraLeone,1813
9/19/2014,181,Cases_SierraLeone,
9/17/2014,179,Cases_SierraLeone,
9/14/2014,176,Cases_SierraLeone,1673
9/13/2014,175,Cases_SierraLeone,1620
9/10/2014,172,Cases_SierraLeone,1478
9/9/2014,171,Cases_SierraLeone,
9/7/2014,169,Cases_SierraLeone,1424
9/5/2014,167,Cases_SierraLeone,1261
8/31/2014,162,Cases_SierraLeone,1216
8/26/2014,157,Cases_SierraLeone,1026
8/20/2014,151,Cases_SierraLeone,910
8/18/2014,149,Cases_SierraLeone,907
8/16/2014,147,Cases_SierraLeone,848
8/13/2014,144,Cases_SierraLeone,810
8/11/2014,142,Cases_SierraLeone,783
8/9/2014,140,Cases_SierraLeone,730
8/6/2014,137,Cases_SierraLeone,717
8/4/2014,135,Cases_SierraLeone,691
8/1/2014,132,Cases_SierraLeone,646
7/30/2014,129,Cases_SierraLeone,574
7/27/2014,126,Cases_SierraLeone,533
7/23/2014,123,Cases_SierraLeone,525
7/20/2014,120,Cases_SierraLeone,454
7/17/2014,117,Cases_SierraLeone,442
7/14/2014,114,Cases_SierraLeone,397
7/12/2014,112,Cases_SierraLeone,386
7/8/2014,108,Cases_SierraLeone,337
7/6/2014,106,Cases_SierraLeone,305
7/2/2014,102,Cases_SierraLeone,252
6/30/2014,100,Cases_SierraLeone,239
6/22/2014,92,Cases_SierraLeone,
6/20/2014,90,Cases_SierraLeone,158
6/19/2014,89,Cases_SierraLeone,
6/18/2014,88,Cases_SierraLeone,136
6/17/2014,87,Cases_SierraLeone,97
6/16/2014,86,Cases_SierraLeone,
6/10/2014,80,Cases_SierraLeone,89
6/5/2014,75,Cases_SierraLeone,81
6/3/2014,73,Cases_SierraLeone,
6/1/2014,71,Cases_SierraLeone,79
5/28/2014,67,Cases_SierraLeone,50
5/27/2014,66,Cases_SierraLeone,16
5/23/2014,62,Cases_SierraLeone,0
5/12/2014,51,Cases_SierraLeone,0
5/10/2014,49,Cases_SierraLeone,0
5/7/2014,46,Cases_SierraLeone,0
5/5/2014,44,Cases_SierraLeone,0
5/3/2014,42,Cases_SierraLeone,0
5/1/2014,40,Cases_SierraLeone,0
4/26/2014,35,Cases_SierraLeone,0
4/24/2014,33,Cases_SierraLeone,0
4/23/2014,32,Cases_SierraLeone,0
4/22/2014,31,Cases_SierraLeone,0
4/21/2014,30,Cases_SierraLeone,
4/20/2014,29,Cases_SierraLeone,
4/17/2014,26,Cases_SierraLeone,
4/16/2014,25,Cases_SierraLeone,
4/15/2014,24,Cases_SierraLeone,12
4/14/2014,23,Cases_SierraLeone,
4/11/2014,20,Cases_SierraLeone,2
4/9/2014,18,Cases_SierraLeone,2
4/7/2014,16,Cases_SierraLeone,2
4/4/2014,13,Cases_SierraLeone,2
4/1/2014,10,Cases_SierraLeone,2
3/31/2014,9,Cases_SierraLeone,2
3/29/2014,7,Cases_SierraLeone,
3/28/2014,6,Cases_SierraLeone,2
3/27/2014,5,Cases_SierraLeone,6
3/26/2014,4,Cases_SierraLeone,
3/25/2014,3,Cases_SierraLeone,
3/24/2014,2,Cases_SierraLeone,
3/22/2014,0,Cases_SierraLeone,
1/5/2015,289,Cases_Nigeria,
1/4/2015,288,Cases_Nigeria,
1/3/2015,287,Cases_Nigeria,
1/2/2015,286,Cases_Nigeria,
12/31/2014,284,Cases_Nigeria,
12/28/2014,281,Cases_Nigeria,
12/27/2014,280,Cases_Nigeria,
12/24/2014,277,Cases_Nigeria,
12/21/2014,273,Cases_Nigeria,
12/20/2014,272,Cases_Nigeria,
12/18/2014,271,Cases_Nigeria,
12/14/2014,267,Cases_Nigeria,
12/9/2014,262,Cases_Nigeria,
12/7/2014,260,Cases_Nigeria,20
12/3/2014,256,Cases_Nigeria,
11/30/2014,253,Cases_Nigeria,20
11/28/2014,251,Cases_Nigeria,
11/23/2014,246,Cases_Nigeria,20
11/22/2014,245,Cases_Nigeria,
11/18/2014,241,Cases_Nigeria,20
11/16/2014,239,Cases_Nigeria,20
11/15/2014,238,Cases_Nigeria,
11/11/2014,234,Cases_Nigeria,20
11/10/2014,233,Cases_Nigeria,
11/9/2014,232,Cases_Nigeria,20
11/8/2014,231,Cases_Nigeria,
11/4/2014,227,Cases_Nigeria,20
11/3/2014,226,Cases_Nigeria,
11/2/2014,225,Cases_Nigeria,20
10/31/2014,222,Cases_Nigeria,
10/29/2014,220,Cases_Nigeria,20
10/27/2014,218,Cases_Nigeria,20
10/25/2014,216,Cases_Nigeria,
10/22/2014,214,Cases_Nigeria,
10/21/2014,213,Cases_Nigeria,
10/19/2014,211,Cases_Nigeria,20
10/18/2014,210,Cases_Nigeria,
10/14/2014,206,Cases_Nigeria,20
10/13/2014,205,Cases_Nigeria,
10/12/2014,204,Cases_Nigeria,20
10/11/2014,203,Cases_Nigeria,
10/8/2014,200,Cases_Nigeria,20
10/7/2014,199,Cases_Nigeria,
10/5/2014,197,Cases_Nigeria,20
10/4/2014,196,Cases_Nigeria,
10/1/2014,193,Cases_Nigeria,20
9/28/2014,190,Cases_Nigeria,20
9/23/2014,185,Cases_Nigeria,20
9/21/2014,183,Cases_Nigeria,20
9/20/2014,182,Cases_Nigeria,
9/19/2014,181,Cases_Nigeria,
9/17/2014,179,Cases_Nigeria,
9/14/2014,176,Cases_Nigeria,
9/13/2014,175,Cases_Nigeria,21
9/10/2014,172,Cases_Nigeria,21
9/9/2014,171,Cases_Nigeria,
9/7/2014,169,Cases_Nigeria,21
9/5/2014,167,Cases_Nigeria,22
8/31/2014,162,Cases_Nigeria,21
8/26/2014,157,Cases_Nigeria,17
8/20/2014,151,Cases_Nigeria,16
8/18/2014,149,Cases_Nigeria,15
8/16/2014,147,Cases_Nigeria,15
8/13/2014,144,Cases_Nigeria,12
8/11/2014,142,Cases_Nigeria,12
8/9/2014,140,Cases_Nigeria,13
8/6/2014,137,Cases_Nigeria,13
8/4/2014,135,Cases_Nigeria,9
8/1/2014,132,Cases_Nigeria,4
7/30/2014,129,Cases_Nigeria,3
7/27/2014,126,Cases_Nigeria,1
7/23/2014,123,Cases_Nigeria,0
7/20/2014,120,Cases_Nigeria,
7/17/2014,117,Cases_Nigeria,
7/14/2014,114,Cases_Nigeria,
7/12/2014,112,Cases_Nigeria,
7/8/2014,108,Cases_Nigeria,
7/6/2014,106,Cases_Nigeria,
7/2/2014,102,Cases_Nigeria,
6/30/2014,100,Cases_Nigeria,
6/22/2014,92,Cases_Nigeria,
6/20/2014,90,Cases_Nigeria,
6/19/2014,89,Cases_Nigeria,
6/18/2014,88,Cases_Nigeria,
6/17/2014,87,Cases_Nigeria,
6/16/2014,86,Cases_Nigeria,
6/10/2014,80,Cases_Nigeria,
6/5/2014,75,Cases_Nigeria,
6/3/2014,73,Cases_Nigeria,
6/1/2014,71,Cases_Nigeria,
5/28/2014,67,Cases_Nigeria,
5/27/2014,66,Cases_Nigeria,
5/23/2014,62,Cases_Nigeria,
5/12/2014,51,Cases_Nigeria,
5/10/2014,49,Cases_Nigeria,
5/7/2014,46,Cases_Nigeria,
5/5/2014,44,Cases_Nigeria,
5/3/2014,42,Cases_Nigeria,
5/1/2014,40,Cases_Nigeria,
4/26/2014,35,Cases_Nigeria,
4/24/2014,33,Cases_Nigeria,
4/23/2014,32,Cases_Nigeria,
4/22/2014,31,Cases_Nigeria,
4/21/2014,30,Cases_Nigeria,
4/20/2014,29,Cases_Nigeria,
4/17/2014,26,Cases_Nigeria,
4/16/2014,25,Cases_Nigeria,
4/15/2014,24,Cases_Nigeria,
4/14/2014,23,Cases_Nigeria,
4/11/2014,20,Cases_Nigeria,
4/9/2014,18,Cases_Nigeria,
4/7/2014,16,Cases_Nigeria,
4/4/2014,13,Cases_Nigeria,
4/1/2014,10,Cases_Nigeria,
3/31/2014,9,Cases_Nigeria,
3/29/2014,7,Cases_Nigeria,
3/28/2014,6,Cases_Nigeria,
3/27/2014,5,Cases_Nigeria,
3/26/2014,4,Cases_Nigeria,
3/25/2014,3,Cases_Nigeria,
3/24/2014,2,Cases_Nigeria,
3/22/2014,0,Cases_Nigeria,
1/5/2015,289,Cases_Senegal,
1/4/2015,288,Cases_Senegal,
1/3/2015,287,Cases_Senegal,
1/2/2015,286,Cases_Senegal,
12/31/2014,284,Cases_Senegal,
12/28/2014,281,Cases_Senegal,
12/27/2014,280,Cases_Senegal,
12/24/2014,277,Cases_Senegal,
12/21/2014,273,Cases_Senegal,
12/20/2014,272,Cases_Senegal,
12/18/2014,271,Cases_Senegal,
12/14/2014,267,Cases_Senegal,
12/9/2014,262,Cases_Senegal,
12/7/2014,260,Cases_Senegal,1
12/3/2014,256,Cases_Senegal,
11/30/2014,253,Cases_Senegal,1
11/28/2014,251,Cases_Senegal,
11/23/2014,246,Cases_Senegal,1
11/22/2014,245,Cases_Senegal,
11/18/2014,241,Cases_Senegal,1
11/16/2014,239,Cases_Senegal,1
11/15/2014,238,Cases_Senegal,
11/11/2014,234,Cases_Senegal,1
11/10/2014,233,Cases_Senegal,
11/9/2014,232,Cases_Senegal,1
11/8/2014,231,Cases_Senegal,
11/4/2014,227,Cases_Senegal,1
11/3/2014,226,Cases_Senegal,
11/2/2014,225,Cases_Senegal,1
10/31/2014,222,Cases_Senegal,
10/29/2014,220,Cases_Senegal,1
10/27/2014,218,Cases_Senegal,1
10/25/2014,216,Cases_Senegal,
10/22/2014,214,Cases_Senegal,
10/21/2014,213,Cases_Senegal,
10/19/2014,211,Cases_Senegal,1
10/18/2014,210,Cases_Senegal,
10/14/2014,206,Cases_Senegal,1
10/13/2014,205,Cases_Senegal,
10/12/2014,204,Cases_Senegal,1
10/11/2014,203,Cases_Senegal,
10/8/2014,200,Cases_Senegal,1
10/7/2014,199,Cases_Senegal,
10/5/2014,197,Cases_Senegal,1
10/4/2014,196,Cases_Senegal,
10/1/2014,193,Cases_Senegal,1
9/28/2014,190,Cases_Senegal,1
9/23/2014,185,Cases_Senegal,1
9/21/2014,183,Cases_Senegal,1
9/20/2014,182,Cases_Senegal,
9/19/2014,181,Cases_Senegal,
9/17/2014,179,Cases_Senegal,
9/14/2014,176,Cases_Senegal,
9/13/2014,175,Cases_Senegal,1
9/10/2014,172,Cases_Senegal,1
9/9/2014,171,Cases_Senegal,
9/7/2014,169,Cases_Senegal,3
9/5/2014,167,Cases_Senegal,1
8/31/2014,162,Cases_Senegal,1
8/26/2014,157,Cases_Senegal,
8/20/2014,151,Cases_Senegal,
8/18/2014,149,Cases_Senegal,
8/16/2014,147,Cases_Senegal,
8/13/2014,144,Cases_Senegal,
8/11/2014,142,Cases_Senegal,
8/9/2014,140,Cases_Senegal,
8/6/2014,137,Cases_Senegal,
8/4/2014,135,Cases_Senegal,
8/1/2014,132,Cases_Senegal,
7/30/2014,129,Cases_Senegal,
7/27/2014,126,Cases_Senegal,
7/23/2014,123,Cases_Senegal,
7/20/2014,120,Cases_Senegal,
7/17/2014,117,Cases_Senegal,
7/14/2014,114,Cases_Senegal,
7/12/2014,112,Cases_Senegal,
7/8/2014,108,Cases_Senegal,
7/6/2014,106,Cases_Senegal,
7/2/2014,102,Cases_Senegal,
6/30/2014,100,Cases_Senegal,
6/22/2014,92,Cases_Senegal,
6/20/2014,90,Cases_Senegal,
6/19/2014,89,Cases_Senegal,
6/18/2014,88,Cases_Senegal,
6/17/2014,87,Cases_Senegal,
6/16/2014,86,Cases_Senegal,
6/10/2014,80,Cases_Senegal,
6/5/2014,75,Cases_Senegal,
6/3/2014,73,Cases_Senegal,
6/1/2014,71,Cases_Senegal,
5/28/2014,67,Cases_Senegal,
5/27/2014,66,Cases_Senegal,
5/23/2014,62,Cases_Senegal,
5/12/2014,51,Cases_Senegal,
5/10/2014,49,Cases_Senegal,
5/7/2014,46,Cases_Senegal,
5/5/2014,44,Cases_Senegal,
5/3/2014,42,Cases_Senegal,
5/1/2014,40,Cases_Senegal,
4/26/2014,35,Cases_Senegal,
4/24/2014,33,Cases_Senegal,
4/23/2014,32,Cases_Senegal,
4/22/2014,31,Cases_Senegal,
4/21/2014,30,Cases_Senegal,
4/20/2014,29,Cases_Senegal,
4/17/2014,26,Cases_Senegal,
4/16/2014,25,Cases_Senegal,
4/15/2014,24,Cases_Senegal,
4/14/2014,23,Cases_Senegal,
4/11/2014,20,Cases_Senegal,
4/9/2014,18,Cases_Senegal,
4/7/2014,16,Cases_Senegal,
4/4/2014,13,Cases_Senegal,
4/1/2014,10,Cases_Senegal,
3/31/2014,9,Cases_Senegal,
3/29/2014,7,Cases_Senegal,
3/28/2014,6,Cases_Senegal,
3/27/2014,5,Cases_Senegal,
3/26/2014,4,Cases_Senegal,
3/25/2014,3,Cases_Senegal,
3/24/2014,2,Cases_Senegal,
3/22/2014,0,Cases_Senegal,
1/5/2015,289,Cases_UnitedStates,
1/4/2015,288,Cases_UnitedStates,
1/3/2015,287,Cases_UnitedStates,
1/2/2015,286,Cases_UnitedStates,
12/31/2014,284,Cases_UnitedStates,
12/28/2014,281,Cases_UnitedStates,
12/27/2014,280,Cases_UnitedStates,
12/24/2014,277,Cases_UnitedStates,
12/21/2014,273,Cases_UnitedStates,
12/20/2014,272,Cases_UnitedStates,
12/18/2014,271,Cases_UnitedStates,
12/14/2014,267,Cases_UnitedStates,
12/9/2014,262,Cases_UnitedStates,
12/7/2014,260,Cases_UnitedStates,4
12/3/2014,256,Cases_UnitedStates,
11/30/2014,253,Cases_UnitedStates,4
11/28/2014,251,Cases_UnitedStates,
11/23/2014,246,Cases_UnitedStates,4
11/22/2014,245,Cases_UnitedStates,
11/18/2014,241,Cases_UnitedStates,4
11/16/2014,239,Cases_UnitedStates,4
11/15/2014,238,Cases_UnitedStates,
11/11/2014,234,Cases_UnitedStates,4
11/10/2014,233,Cases_UnitedStates,
11/9/2014,232,Cases_UnitedStates,4
11/8/2014,231,Cases_UnitedStates,
11/4/2014,227,Cases_UnitedStates,4
11/3/2014,226,Cases_UnitedStates,
11/2/2014,225,Cases_UnitedStates,4
10/31/2014,222,Cases_UnitedStates,
10/29/2014,220,Cases_UnitedStates,4
10/27/2014,218,Cases_UnitedStates,4
10/25/2014,216,Cases_UnitedStates,
10/22/2014,214,Cases_UnitedStates,4
10/21/2014,213,Cases_UnitedStates,
10/19/2014,211,Cases_UnitedStates,3
10/18/2014,210,Cases_UnitedStates,
10/14/2014,206,Cases_UnitedStates,3
10/13/2014,205,Cases_UnitedStates,
10/12/2014,204,Cases_UnitedStates,2
10/11/2014,203,Cases_UnitedStates,
10/8/2014,200,Cases_UnitedStates,1
10/7/2014,199,Cases_UnitedStates,
10/5/2014,197,Cases_UnitedStates,1
10/4/2014,196,Cases_UnitedStates,
10/1/2014,193,Cases_UnitedStates,1
9/28/2014,190,Cases_UnitedStates,
9/23/2014,185,Cases_UnitedStates,
9/21/2014,183,Cases_UnitedStates,
9/20/2014,182,Cases_UnitedStates,
9/19/2014,181,Cases_UnitedStates,
9/17/2014,179,Cases_UnitedStates,
9/14/2014,176,Cases_UnitedStates,
9/13/2014,175,Cases_UnitedStates,
9/10/2014,172,Cases_UnitedStates,
9/9/2014,171,Cases_UnitedStates,
9/7/2014,169,Cases_UnitedStates,
9/5/2014,167,Cases_UnitedStates,
8/31/2014,162,Cases_UnitedStates,
8/26/2014,157,Cases_UnitedStates,
8/20/2014,151,Cases_UnitedStates,
8/18/2014,149,Cases_UnitedStates,
8/16/2014,147,Cases_UnitedStates,
8/13/2014,144,Cases_UnitedStates,
8/11/2014,142,Cases_UnitedStates,
8/9/2014,140,Cases_UnitedStates,
8/6/2014,137,Cases_UnitedStates,
8/4/2014,135,Cases_UnitedStates,
8/1/2014,132,Cases_UnitedStates,
7/30/2014,129,Cases_UnitedStates,
7/27/2014,126,Cases_UnitedStates,
7/23/2014,123,Cases_UnitedStates,
7/20/2014,120,Cases_UnitedStates,
7/17/2014,117,Cases_UnitedStates,
7/14/2014,114,Cases_UnitedStates,
7/12/2014,112,Cases_UnitedStates,
7/8/2014,108,Cases_UnitedStates,
7/6/2014,106,Cases_UnitedStates,
7/2/2014,102,Cases_UnitedStates,
6/30/2014,100,Cases_UnitedStates,
6/22/2014,92,Cases_UnitedStates,
6/20/2014,90,Cases_UnitedStates,
6/19/2014,89,Cases_UnitedStates,
6/18/2014,88,Cases_UnitedStates,
6/17/2014,87,Cases_UnitedStates,
6/16/2014,86,Cases_UnitedStates,
6/10/2014,80,Cases_UnitedStates,
6/5/2014,75,Cases_UnitedStates,
6/3/2014,73,Cases_UnitedStates,
6/1/2014,71,Cases_UnitedStates,
5/28/2014,67,Cases_UnitedStates,
5/27/2014,66,Cases_UnitedStates,
5/23/2014,62,Cases_UnitedStates,
5/12/2014,51,Cases_UnitedStates,
5/10/2014,49,Cases_UnitedStates,
5/7/2014,46,Cases_UnitedStates,
5/5/2014,44,Cases_UnitedStates,
5/3/2014,42,Cases_UnitedStates,
5/1/2014,40,Cases_UnitedStates,
4/26/2014,35,Cases_UnitedStates,
4/24/2014,33,Cases_UnitedStates,
4/23/2014,32,Cases_UnitedStates,
4/22/2014,31,Cases_UnitedStates,
4/21/2014,30,Cases_UnitedStates,
4/20/2014,29,Cases_UnitedStates,
4/17/2014,26,Cases_UnitedStates,
4/16/2014,25,Cases_UnitedStates,
4/15/2014,24,Cases_UnitedStates,
4/14/2014,23,Cases_UnitedStates,
4/11/2014,20,Cases_UnitedStates,
4/9/2014,18,Cases_UnitedStates,
4/7/2014,16,Cases_UnitedStates,
4/4/2014,13,Cases_UnitedStates,
4/1/2014,10,Cases_UnitedStates,
3/31/2014,9,Cases_UnitedStates,
3/29/2014,7,Cases_UnitedStates,
3/28/2014,6,Cases_UnitedStates,
3/27/2014,5,Cases_UnitedStates,
3/26/2014,4,Cases_UnitedStates,
3/25/2014,3,Cases_UnitedStates,
3/24/2014,2,Cases_UnitedStates,
3/22/2014,0,Cases_UnitedStates,
1/5/2015,289,Cases_Spain,
1/4/2015,288,Cases_Spain,
1/3/2015,287,Cases_Spain,
1/2/2015,286,Cases_Spain,
12/31/2014,284,Cases_Spain,
12/28/2014,281,Cases_Spain,
12/27/2014,280,Cases_Spain,
12/24/2014,277,Cases_Spain,
12/21/2014,273,Cases_Spain,
12/20/2014,272,Cases_Spain,
12/18/2014,271,Cases_Spain,
12/14/2014,267,Cases_Spain,
12/9/2014,262,Cases_Spain,
12/7/2014,260,Cases_Spain,1
12/3/2014,256,Cases_Spain,
11/30/2014,253,Cases_Spain,1
11/28/2014,251,Cases_Spain,
11/23/2014,246,Cases_Spain,1
11/22/2014,245,Cases_Spain,
11/18/2014,241,Cases_Spain,1
11/16/2014,239,Cases_Spain,1
11/15/2014,238,Cases_Spain,
11/11/2014,234,Cases_Spain,1
11/10/2014,233,Cases_Spain,
11/9/2014,232,Cases_Spain,1
11/8/2014,231,Cases_Spain,
11/4/2014,227,Cases_Spain,1
11/3/2014,226,Cases_Spain,
11/2/2014,225,Cases_Spain,1
10/31/2014,222,Cases_Spain,
10/29/2014,220,Cases_Spain,1
10/27/2014,218,Cases_Spain,1
10/25/2014,216,Cases_Spain,
10/22/2014,214,Cases_Spain,1
10/21/2014,213,Cases_Spain,
10/19/2014,211,Cases_Spain,1
10/18/2014,210,Cases_Spain,
10/14/2014,206,Cases_Spain,1
10/13/2014,205,Cases_Spain,
10/12/2014,204,Cases_Spain,1
10/11/2014,203,Cases_Spain,
10/8/2014,200,Cases_Spain,1
10/7/2014,199,Cases_Spain,
10/5/2014,197,Cases_Spain,
10/4/2014,196,Cases_Spain,
10/1/2014,193,Cases_Spain,
9/28/2014,190,Cases_Spain,
9/23/2014,185,Cases_Spain,
9/21/2014,183,Cases_Spain,
9/20/2014,182,Cases_Spain,
9/19/2014,181,Cases_Spain,
9/17/2014,179,Cases_Spain,
9/14/2014,176,Cases_Spain,
9/13/2014,175,Cases_Spain,
9/10/2014,172,Cases_Spain,
9/9/2014,171,Cases_Spain,
9/7/2014,169,Cases_Spain,
9/5/2014,167,Cases_Spain,
8/31/2014,162,Cases_Spain,
8/26/2014,157,Cases_Spain,
8/20/2014,151,Cases_Spain,
8/18/2014,149,Cases_Spain,
8/16/2014,147,Cases_Spain,
8/13/2014,144,Cases_Spain,
8/11/2014,142,Cases_Spain,
8/9/2014,140,Cases_Spain,
8/6/2014,137,Cases_Spain,
8/4/2014,135,Cases_Spain,
8/1/2014,132,Cases_Spain,
7/30/2014,129,Cases_Spain,
7/27/2014,126,Cases_Spain,
7/23/2014,123,Cases_Spain,
7/20/2014,120,Cases_Spain,
7/17/2014,117,Cases_Spain,
7/14/2014,114,Cases_Spain,
7/12/2014,112,Cases_Spain,
7/8/2014,108,Cases_Spain,
7/6/2014,106,Cases_Spain,
7/2/2014,102,Cases_Spain,
6/30/2014,100,Cases_Spain,
6/22/2014,92,Cases_Spain,
6/20/2014,90,Cases_Spain,
6/19/2014,89,Cases_Spain,
6/18/2014,88,Cases_Spain,
6/17/2014,87,Cases_Spain,
6/16/2014,86,Cases_Spain,
6/10/2014,80,Cases_Spain,
6/5/2014,75,Cases_Spain,
6/3/2014,73,Cases_Spain,
6/1/2014,71,Cases_Spain,
5/28/2014,67,Cases_Spain,
5/27/2014,66,Cases_Spain,
5/23/2014,62,Cases_Spain,
5/12/2014,51,Cases_Spain,
5/10/2014,49,Cases_Spain,
5/7/2014,46,Cases_Spain,
5/5/2014,44,Cases_Spain,
5/3/2014,42,Cases_Spain,
5/1/2014,40,Cases_Spain,
4/26/2014,35,Cases_Spain,
4/24/2014,33,Cases_Spain,
4/23/2014,32,Cases_Spain,
4/22/2014,31,Cases_Spain,
4/21/2014,30,Cases_Spain,
4/20/2014,29,Cases_Spain,
4/17/2014,26,Cases_Spain,
4/16/2014,25,Cases_Spain,
4/15/2014,24,Cases_Spain,
4/14/2014,23,Cases_Spain,
4/11/2014,20,Cases_Spain,
4/9/2014,18,Cases_Spain,
4/7/2014,16,Cases_Spain,
4/4/2014,13,Cases_Spain,
4/1/2014,10,Cases_Spain,
3/31/2014,9,Cases_Spain,
3/29/2014,7,Cases_Spain,
3/28/2014,6,Cases_Spain,
3/27/2014,5,Cases_Spain,
3/26/2014,4,Cases_Spain,
3/25/2014,3,Cases_Spain,
3/24/2014,2,Cases_Spain,
3/22/2014,0,Cases_Spain,
1/5/2015,289,Cases_Mali,
1/4/2015,288,Cases_Mali,
1/3/2015,287,Cases_Mali,
1/2/2015,286,Cases_Mali,
12/31/2014,284,Cases_Mali,
12/28/2014,281,Cases_Mali,
12/27/2014,280,Cases_Mali,
12/24/2014,277,Cases_Mali,
12/21/2014,273,Cases_Mali,
12/20/2014,272,Cases_Mali,
12/18/2014,271,Cases_Mali,
12/14/2014,267,Cases_Mali,
12/9/2014,262,Cases_Mali,
12/7/2014,260,Cases_Mali,7
12/3/2014,256,Cases_Mali,
11/30/2014,253,Cases_Mali,7
11/28/2014,251,Cases_Mali,
11/23/2014,246,Cases_Mali,7
11/22/2014,245,Cases_Mali,
11/18/2014,241,Cases_Mali,6
11/16/2014,239,Cases_Mali,5
11/15/2014,238,Cases_Mali,
11/11/2014,234,Cases_Mali,4
11/10/2014,233,Cases_Mali,
11/9/2014,232,Cases_Mali,1
11/8/2014,231,Cases_Mali,
11/4/2014,227,Cases_Mali,1
11/3/2014,226,Cases_Mali,
11/2/2014,225,Cases_Mali,1
10/31/2014,222,Cases_Mali,
10/29/2014,220,Cases_Mali,1
10/27/2014,218,Cases_Mali,1
10/25/2014,216,Cases_Mali,
10/22/2014,214,Cases_Mali,1
10/21/2014,213,Cases_Mali,
10/19/2014,211,Cases_Mali,
10/18/2014,210,Cases_Mali,
10/14/2014,206,Cases_Mali,
10/13/2014,205,Cases_Mali,
10/12/2014,204,Cases_Mali,
10/11/2014,203,Cases_Mali,
10/8/2014,200,Cases_Mali,
10/7/2014,199,Cases_Mali,
10/5/2014,197,Cases_Mali,
10/4/2014,196,Cases_Mali,
10/1/2014,193,Cases_Mali,
9/28/2014,190,Cases_Mali,
9/23/2014,185,Cases_Mali,
9/21/2014,183,Cases_Mali,
9/20/2014,182,Cases_Mali,
9/19/2014,181,Cases_Mali,
9/17/2014,179,Cases_Mali,
9/14/2014,176,Cases_Mali,
9/13/2014,175,Cases_Mali,
9/10/2014,172,Cases_Mali,
9/9/2014,171,Cases_Mali,
9/7/2014,169,Cases_Mali,
9/5/2014,167,Cases_Mali,
8/31/2014,162,Cases_Mali,
8/26/2014,157,Cases_Mali,
8/20/2014,151,Cases_Mali,
8/18/2014,149,Cases_Mali,
8/16/2014,147,Cases_Mali,
8/13/2014,144,Cases_Mali,
8/11/2014,142,Cases_Mali,
8/9/2014,140,Cases_Mali,
8/6/2014,137,Cases_Mali,
8/4/2014,135,Cases_Mali,
8/1/2014,132,Cases_Mali,
7/30/2014,129,Cases_Mali,
7/27/2014,126,Cases_Mali,
7/23/2014,123,Cases_Mali,
7/20/2014,120,Cases_Mali,
7/17/2014,117,Cases_Mali,
7/14/2014,114,Cases_Mali,
7/12/2014,112,Cases_Mali,
7/8/2014,108,Cases_Mali,
7/6/2014,106,Cases_Mali,
7/2/2014,102,Cases_Mali,
6/30/2014,100,Cases_Mali,
6/22/2014,92,Cases_Mali,
6/20/2014,90,Cases_Mali,
6/19/2014,89,Cases_Mali,
6/18/2014,88,Cases_Mali,
6/17/2014,87,Cases_Mali,
6/16/2014,86,Cases_Mali,
6/10/2014,80,Cases_Mali,
6/5/2014,75,Cases_Mali,
6/3/2014,73,Cases_Mali,
6/1/2014,71,Cases_Mali,
5/28/2014,67,Cases_Mali,
5/27/2014,66,Cases_Mali,
5/23/2014,62,Cases_Mali,
5/12/2014,51,Cases_Mali,
5/10/2014,49,Cases_Mali,
5/7/2014,46,Cases_Mali,
5/5/2014,44,Cases_Mali,
5/3/2014,42,Cases_Mali,
5/1/2014,40,Cases_Mali,
4/26/2014,35,Cases_Mali,
4/24/2014,33,Cases_Mali,
4/23/2014,32,Cases_Mali,
4/22/2014,31,Cases_Mali,
4/21/2014,30,Cases_Mali,
4/20/2014,29,Cases_Mali,
4/17/2014,26,Cases_Mali,
4/16/2014,25,Cases_Mali,
4/15/2014,24,Cases_Mali,
4/14/2014,23,Cases_Mali,
4/11/2014,20,Cases_Mali,
4/9/2014,18,Cases_Mali,
4/7/2014,16,Cases_Mali,
4/4/2014,13,Cases_Mali,
4/1/2014,10,Cases_Mali,
3/31/2014,9,Cases_Mali,
3/29/2014,7,Cases_Mali,
3/28/2014,6,Cases_Mali,
3/27/2014,5,Cases_Mali,
3/26/2014,4,Cases_Mali,
3/25/2014,3,Cases_Mali,
3/24/2014,2,Cases_Mali,
3/22/2014,0,Cases_Mali,
1/5/2015,289,Deaths_Guinea,1786
1/4/2015,288,Deaths_Guinea,1781
1/3/2015,287,Deaths_Guinea,1767
1/2/2015,286,Deaths_Guinea,
12/31/2014,284,Deaths_Guinea,1739
12/28/2014,281,Deaths_Guinea,1708
12/27/2014,280,Deaths_Guinea,1697
12/24/2014,277,Deaths_Guinea,
12/21/2014,273,Deaths_Guinea,1607
12/20/2014,272,Deaths_Guinea,1586
12/18/2014,271,Deaths_Guinea,
12/14/2014,267,Deaths_Guinea,1525
12/9/2014,262,Deaths_Guinea,
12/7/2014,260,Deaths_Guinea,1428
12/3/2014,256,Deaths_Guinea,
11/30/2014,253,Deaths_Guinea,1327
11/28/2014,251,Deaths_Guinea,
11/23/2014,246,Deaths_Guinea,1260
11/22/2014,245,Deaths_Guinea,
11/18/2014,241,Deaths_Guinea,1214
11/16/2014,239,Deaths_Guinea,1192
11/15/2014,238,Deaths_Guinea,
11/11/2014,234,Deaths_Guinea,1166
11/10/2014,233,Deaths_Guinea,
11/9/2014,232,Deaths_Guinea,1142
11/8/2014,231,Deaths_Guinea,
11/4/2014,227,Deaths_Guinea,
11/3/2014,226,Deaths_Guinea,1054
11/2/2014,225,Deaths_Guinea,1041
10/31/2014,222,Deaths_Guinea,
10/29/2014,220,Deaths_Guinea,1018
10/27/2014,218,Deaths_Guinea,997
10/25/2014,216,Deaths_Guinea,
10/22/2014,214,Deaths_Guinea,
10/21/2014,213,Deaths_Guinea,926
10/19/2014,211,Deaths_Guinea,904
10/18/2014,210,Deaths_Guinea,
10/14/2014,206,Deaths_Guinea,862
10/13/2014,205,Deaths_Guinea,
10/12/2014,204,Deaths_Guinea,843
10/11/2014,203,Deaths_Guinea,
10/8/2014,200,Deaths_Guinea,
10/7/2014,199,Deaths_Guinea,778
10/5/2014,197,Deaths_Guinea,768
10/4/2014,196,Deaths_Guinea,
10/1/2014,193,Deaths_Guinea,739
9/28/2014,190,Deaths_Guinea,710
9/23/2014,185,Deaths_Guinea,648
9/21/2014,183,Deaths_Guinea,635
9/20/2014,182,Deaths_Guinea,
9/19/2014,181,Deaths_Guinea,632
9/17/2014,179,Deaths_Guinea,
9/14/2014,176,Deaths_Guinea,601
9/13/2014,175,Deaths_Guinea,595
9/10/2014,172,Deaths_Guinea,568
9/9/2014,171,Deaths_Guinea,
9/7/2014,169,Deaths_Guinea,557
9/5/2014,167,Deaths_Guinea,517
8/31/2014,162,Deaths_Guinea,494
8/26/2014,157,Deaths_Guinea,430
8/20/2014,151,Deaths_Guinea,406
8/18/2014,149,Deaths_Guinea,396
8/16/2014,147,Deaths_Guinea,394
8/13/2014,144,Deaths_Guinea,380
8/11/2014,142,Deaths_Guinea,377
8/9/2014,140,Deaths_Guinea,373
8/6/2014,137,Deaths_Guinea,367
8/4/2014,135,Deaths_Guinea,363
8/1/2014,132,Deaths_Guinea,358
7/30/2014,129,Deaths_Guinea,346
7/27/2014,126,Deaths_Guinea,339
7/23/2014,123,Deaths_Guinea,319
7/20/2014,120,Deaths_Guinea,314
7/17/2014,117,Deaths_Guinea,310
7/14/2014,114,Deaths_Guinea,310
7/12/2014,112,Deaths_Guinea,304
7/8/2014,108,Deaths_Guinea,309
7/6/2014,106,Deaths_Guinea,307
7/2/2014,102,Deaths_Guinea,305
6/30/2014,100,Deaths_Guinea,303
6/22/2014,92,Deaths_Guinea,
6/20/2014,90,Deaths_Guinea,270
6/19/2014,89,Deaths_Guinea,
6/18/2014,88,Deaths_Guinea,267
6/17/2014,87,Deaths_Guinea,
6/16/2014,86,Deaths_Guinea,264
6/10/2014,80,Deaths_Guinea,226
6/5/2014,75,Deaths_Guinea,
6/3/2014,73,Deaths_Guinea,215
6/1/2014,71,Deaths_Guinea,208
5/28/2014,67,Deaths_Guinea,193
5/27/2014,66,Deaths_Guinea,186
5/23/2014,62,Deaths_Guinea,174
5/12/2014,51,Deaths_Guinea,171
5/10/2014,49,Deaths_Guinea,157
5/7/2014,46,Deaths_Guinea,158
5/5/2014,44,Deaths_Guinea,157
5/3/2014,42,Deaths_Guinea,155
5/1/2014,40,Deaths_Guinea,149
4/26/2014,35,Deaths_Guinea,143
4/24/2014,33,Deaths_Guinea,
4/23/2014,32,Deaths_Guinea,141
4/22/2014,31,Deaths_Guinea,
4/21/2014,30,Deaths_Guinea,
4/20/2014,29,Deaths_Guinea,136
4/17/2014,26,Deaths_Guinea,129
4/16/2014,25,Deaths_Guinea,122
4/15/2014,24,Deaths_Guinea,
4/14/2014,23,Deaths_Guinea,108
4/11/2014,20,Deaths_Guinea,106
4/9/2014,18,Deaths_Guinea,101
4/7/2014,16,Deaths_Guinea,95
4/4/2014,13,Deaths_Guinea,86
4/1/2014,10,Deaths_Guinea,83
3/31/2014,9,Deaths_Guinea,80
3/29/2014,7,Deaths_Guinea,70
3/28/2014,6,Deaths_Guinea,70
3/27/2014,5,Deaths_Guinea,66
3/26/2014,4,Deaths_Guinea,62
3/25/2014,3,Deaths_Guinea,60
3/24/2014,2,Deaths_Guinea,59
3/22/2014,0,Deaths_Guinea,29
1/5/2015,289,Deaths_Liberia,
1/4/2015,288,Deaths_Liberia,
1/3/2015,287,Deaths_Liberia,3496
1/2/2015,286,Deaths_Liberia,3496
12/31/2014,284,Deaths_Liberia,3471
12/28/2014,281,Deaths_Liberia,3423
12/27/2014,280,Deaths_Liberia,
12/24/2014,277,Deaths_Liberia,3413
12/21/2014,273,Deaths_Liberia,
12/20/2014,272,Deaths_Liberia,3384
12/18/2014,271,Deaths_Liberia,3376
12/14/2014,267,Deaths_Liberia,
12/9/2014,262,Deaths_Liberia,3290
12/7/2014,260,Deaths_Liberia,
12/3/2014,256,Deaths_Liberia,3177
11/30/2014,253,Deaths_Liberia,
11/28/2014,251,Deaths_Liberia,3145
11/23/2014,246,Deaths_Liberia,
11/22/2014,245,Deaths_Liberia,3016
11/18/2014,241,Deaths_Liberia,2963
11/16/2014,239,Deaths_Liberia,
11/15/2014,238,Deaths_Liberia,2964
11/11/2014,234,Deaths_Liberia,
11/10/2014,233,Deaths_Liberia,2812
11/9/2014,232,Deaths_Liberia,
11/8/2014,231,Deaths_Liberia,2836
11/4/2014,227,Deaths_Liberia,2766
11/3/2014,226,Deaths_Liberia,
11/2/2014,225,Deaths_Liberia,
10/31/2014,222,Deaths_Liberia,2697
10/29/2014,220,Deaths_Liberia,
10/27/2014,218,Deaths_Liberia,
10/25/2014,216,Deaths_Liberia,2413
10/22/2014,214,Deaths_Liberia,
10/21/2014,213,Deaths_Liberia,
10/19/2014,211,Deaths_Liberia,
10/18/2014,210,Deaths_Liberia,2705
10/14/2014,206,Deaths_Liberia,
10/13/2014,205,Deaths_Liberia,2484
10/12/2014,204,Deaths_Liberia,
10/11/2014,203,Deaths_Liberia,2458
10/8/2014,200,Deaths_Liberia,
10/7/2014,199,Deaths_Liberia,2316
10/5/2014,197,Deaths_Liberia,
10/4/2014,196,Deaths_Liberia,2210
10/1/2014,193,Deaths_Liberia,2069
9/28/2014,190,Deaths_Liberia,1998
9/23/2014,185,Deaths_Liberia,1830
9/21/2014,183,Deaths_Liberia,1677
9/20/2014,182,Deaths_Liberia,
9/19/2014,181,Deaths_Liberia,
9/17/2014,179,Deaths_Liberia,1578
9/14/2014,176,Deaths_Liberia,1459
9/13/2014,175,Deaths_Liberia,1296
9/10/2014,172,Deaths_Liberia,
9/9/2014,171,Deaths_Liberia,
9/7/2014,169,Deaths_Liberia,1137
9/5/2014,167,Deaths_Liberia,1089
8/31/2014,162,Deaths_Liberia,871
8/26/2014,157,Deaths_Liberia,694
8/20/2014,151,Deaths_Liberia,624
8/18/2014,149,Deaths_Liberia,576
8/16/2014,147,Deaths_Liberia,466
8/13/2014,144,Deaths_Liberia,413
8/11/2014,142,Deaths_Liberia,355
8/9/2014,140,Deaths_Liberia,323
8/6/2014,137,Deaths_Liberia,294
8/4/2014,135,Deaths_Liberia,282
8/1/2014,132,Deaths_Liberia,255
7/30/2014,129,Deaths_Liberia,227
7/27/2014,126,Deaths_Liberia,156
7/23/2014,123,Deaths_Liberia,129
7/20/2014,120,Deaths_Liberia,127
7/17/2014,117,Deaths_Liberia,116
7/14/2014,114,Deaths_Liberia,106
7/12/2014,112,Deaths_Liberia,105
7/8/2014,108,Deaths_Liberia,88
7/6/2014,106,Deaths_Liberia,84
7/2/2014,102,Deaths_Liberia,75
6/30/2014,100,Deaths_Liberia,65
6/22/2014,92,Deaths_Liberia,34
6/20/2014,90,Deaths_Liberia,
6/19/2014,89,Deaths_Liberia,25
6/18/2014,88,Deaths_Liberia,
6/17/2014,87,Deaths_Liberia,
6/16/2014,86,Deaths_Liberia,24
6/10/2014,80,Deaths_Liberia,24
6/5/2014,75,Deaths_Liberia,
6/3/2014,73,Deaths_Liberia,12
6/1/2014,71,Deaths_Liberia,12
5/28/2014,67,Deaths_Liberia,12
5/27/2014,66,Deaths_Liberia,11
5/23/2014,62,Deaths_Liberia,11
5/12/2014,51,Deaths_Liberia,11
5/10/2014,49,Deaths_Liberia,11
5/7/2014,46,Deaths_Liberia,11
5/5/2014,44,Deaths_Liberia,11
5/3/2014,42,Deaths_Liberia,11
5/1/2014,40,Deaths_Liberia,11
4/26/2014,35,Deaths_Liberia,
4/24/2014,33,Deaths_Liberia,
4/23/2014,32,Deaths_Liberia,
4/22/2014,31,Deaths_Liberia,
4/21/2014,30,Deaths_Liberia,11
4/20/2014,29,Deaths_Liberia,6
4/17/2014,26,Deaths_Liberia,
4/16/2014,25,Deaths_Liberia,13
4/15/2014,24,Deaths_Liberia,
4/14/2014,23,Deaths_Liberia,
4/11/2014,20,Deaths_Liberia,13
4/9/2014,18,Deaths_Liberia,12
4/7/2014,16,Deaths_Liberia,10
4/4/2014,13,Deaths_Liberia,7
4/1/2014,10,Deaths_Liberia,5
3/31/2014,9,Deaths_Liberia,4
3/29/2014,7,Deaths_Liberia,2
3/28/2014,6,Deaths_Liberia,3
3/27/2014,5,Deaths_Liberia,6
3/26/2014,4,Deaths_Liberia,
3/25/2014,3,Deaths_Liberia,
3/24/2014,2,Deaths_Liberia,
3/22/2014,0,Deaths_Liberia,
1/5/2015,289,Deaths_SierraLeone,2977
1/4/2015,288,Deaths_SierraLeone,2943
1/3/2015,287,Deaths_SierraLeone,2915
1/2/2015,286,Deaths_SierraLeone,
12/31/2014,284,Deaths_SierraLeone,2827
12/28/2014,281,Deaths_SierraLeone,2758
12/27/2014,280,Deaths_SierraLeone,2732
12/24/2014,277,Deaths_SierraLeone,2655
12/21/2014,273,Deaths_SierraLeone,2582
12/20/2014,272,Deaths_SierraLeone,2556
12/18/2014,271,Deaths_SierraLeone,
12/14/2014,267,Deaths_SierraLeone,2085
12/9/2014,262,Deaths_SierraLeone,
12/7/2014,260,Deaths_SierraLeone,1768
12/3/2014,256,Deaths_SierraLeone,
11/30/2014,253,Deaths_SierraLeone,1583
11/28/2014,251,Deaths_SierraLeone,
11/23/2014,246,Deaths_SierraLeone,1398
11/22/2014,245,Deaths_SierraLeone,
11/18/2014,241,Deaths_SierraLeone,1267
11/16/2014,239,Deaths_SierraLeone,1250
11/15/2014,238,Deaths_SierraLeone,
11/11/2014,234,Deaths_SierraLeone,1187
11/10/2014,233,Deaths_SierraLeone,
11/9/2014,232,Deaths_SierraLeone,1169
11/8/2014,231,Deaths_SierraLeone,
11/4/2014,227,Deaths_SierraLeone,1130
11/3/2014,226,Deaths_SierraLeone,
11/2/2014,225,Deaths_SierraLeone,1070
10/31/2014,222,Deaths_SierraLeone,
10/29/2014,220,Deaths_SierraLeone,1510
10/27/2014,218,Deaths_SierraLeone,1500
10/25/2014,216,Deaths_SierraLeone,
10/22/2014,214,Deaths_SierraLeone,1281
10/21/2014,213,Deaths_SierraLeone,
10/19/2014,211,Deaths_SierraLeone,1259
10/18/2014,210,Deaths_SierraLeone,
10/14/2014,206,Deaths_SierraLeone,1200
10/13/2014,205,Deaths_SierraLeone,
10/12/2014,204,Deaths_SierraLeone,1183
10/11/2014,203,Deaths_SierraLeone,
10/8/2014,200,Deaths_SierraLeone,930
10/7/2014,199,Deaths_SierraLeone,
10/5/2014,197,Deaths_SierraLeone,879
10/4/2014,196,Deaths_SierraLeone,
10/1/2014,193,Deaths_SierraLeone,623
9/28/2014,190,Deaths_SierraLeone,622
9/23/2014,185,Deaths_SierraLeone,605
9/21/2014,183,Deaths_SierraLeone,597
9/20/2014,182,Deaths_SierraLeone,593
9/19/2014,181,Deaths_SierraLeone,
9/17/2014,179,Deaths_SierraLeone,
9/14/2014,176,Deaths_SierraLeone,562
9/13/2014,175,Deaths_SierraLeone,562
9/10/2014,172,Deaths_SierraLeone,536
9/9/2014,171,Deaths_SierraLeone,
9/7/2014,169,Deaths_SierraLeone,524
9/5/2014,167,Deaths_SierraLeone,491
8/31/2014,162,Deaths_SierraLeone,476
8/26/2014,157,Deaths_SierraLeone,422
8/20/2014,151,Deaths_SierraLeone,392
8/18/2014,149,Deaths_SierraLeone,374
8/16/2014,147,Deaths_SierraLeone,365
8/13/2014,144,Deaths_SierraLeone,348
8/11/2014,142,Deaths_SierraLeone,334
8/9/2014,140,Deaths_SierraLeone,315
8/6/2014,137,Deaths_SierraLeone,298
8/4/2014,135,Deaths_SierraLeone,286
8/1/2014,132,Deaths_SierraLeone,273
7/30/2014,129,Deaths_SierraLeone,252
7/27/2014,126,Deaths_SierraLeone,233
7/23/2014,123,Deaths_SierraLeone,224
7/20/2014,120,Deaths_SierraLeone,219
7/17/2014,117,Deaths_SierraLeone,206
7/14/2014,114,Deaths_SierraLeone,197
7/12/2014,112,Deaths_SierraLeone,194
7/8/2014,108,Deaths_SierraLeone,142
7/6/2014,106,Deaths_SierraLeone,127
7/2/2014,102,Deaths_SierraLeone,101
6/30/2014,100,Deaths_SierraLeone,99
6/22/2014,92,Deaths_SierraLeone,
6/20/2014,90,Deaths_SierraLeone,34
6/19/2014,89,Deaths_SierraLeone,
6/18/2014,88,Deaths_SierraLeone,28
6/17/2014,87,Deaths_SierraLeone,49
6/16/2014,86,Deaths_SierraLeone,
6/10/2014,80,Deaths_SierraLeone,7
6/5/2014,75,Deaths_SierraLeone,6
6/3/2014,73,Deaths_SierraLeone,6
6/1/2014,71,Deaths_SierraLeone,6
5/28/2014,67,Deaths_SierraLeone,6
5/27/2014,66,Deaths_SierraLeone,5
5/23/2014,62,Deaths_SierraLeone,0
5/12/2014,51,Deaths_SierraLeone,0
5/10/2014,49,Deaths_SierraLeone,0
5/7/2014,46,Deaths_SierraLeone,0
5/5/2014,44,Deaths_SierraLeone,0
5/3/2014,42,Deaths_SierraLeone,0
5/1/2014,40,Deaths_SierraLeone,0
4/26/2014,35,Deaths_SierraLeone,0
4/24/2014,33,Deaths_SierraLeone,0
4/23/2014,32,Deaths_SierraLeone,0
4/22/2014,31,Deaths_SierraLeone,0
4/21/2014,30,Deaths_SierraLeone,
4/20/2014,29,Deaths_SierraLeone,
4/17/2014,26,Deaths_SierraLeone,
4/16/2014,25,Deaths_SierraLeone,
4/15/2014,24,Deaths_SierraLeone,
4/14/2014,23,Deaths_SierraLeone,
4/11/2014,20,Deaths_SierraLeone,2
4/9/2014,18,Deaths_SierraLeone,2
4/7/2014,16,Deaths_SierraLeone,2
4/4/2014,13,Deaths_SierraLeone,2
4/1/2014,10,Deaths_SierraLeone,2
3/31/2014,9,Deaths_SierraLeone,2
3/29/2014,7,Deaths_SierraLeone,
3/28/2014,6,Deaths_SierraLeone,2
3/27/2014,5,Deaths_SierraLeone,5
3/26/2014,4,Deaths_SierraLeone,
3/25/2014,3,Deaths_SierraLeone,
3/24/2014,2,Deaths_SierraLeone,
3/22/2014,0,Deaths_SierraLeone,
1/5/2015,289,Deaths_Nigeria,
1/4/2015,288,Deaths_Nigeria,
1/3/2015,287,Deaths_Nigeria,
1/2/2015,286,Deaths_Nigeria,
12/31/2014,284,Deaths_Nigeria,
12/28/2014,281,Deaths_Nigeria,
12/27/2014,280,Deaths_Nigeria,
12/24/2014,277,Deaths_Nigeria,
12/21/2014,273,Deaths_Nigeria,
12/20/2014,272,Deaths_Nigeria,
12/18/2014,271,Deaths_Nigeria,
12/14/2014,267,Deaths_Nigeria,
12/9/2014,262,Deaths_Nigeria,
12/7/2014,260,Deaths_Nigeria,8
12/3/2014,256,Deaths_Nigeria,
11/30/2014,253,Deaths_Nigeria,8
11/28/2014,251,Deaths_Nigeria,
11/23/2014,246,Deaths_Nigeria,8
11/22/2014,245,Deaths_Nigeria,
11/18/2014,241,Deaths_Nigeria,8
11/16/2014,239,Deaths_Nigeria,8
11/15/2014,238,Deaths_Nigeria,
11/11/2014,234,Deaths_Nigeria,8
11/10/2014,233,Deaths_Nigeria,
11/9/2014,232,Deaths_Nigeria,8
11/8/2014,231,Deaths_Nigeria,
11/4/2014,227,Deaths_Nigeria,8
11/3/2014,226,Deaths_Nigeria,
11/2/2014,225,Deaths_Nigeria,8
10/31/2014,222,Deaths_Nigeria,
10/29/2014,220,Deaths_Nigeria,8
10/27/2014,218,Deaths_Nigeria,8
10/25/2014,216,Deaths_Nigeria,
10/22/2014,214,Deaths_Nigeria,
10/21/2014,213,Deaths_Nigeria,
10/19/2014,211,Deaths_Nigeria,8
10/18/2014,210,Deaths_Nigeria,
10/14/2014,206,Deaths_Nigeria,8
10/13/2014,205,Deaths_Nigeria,
10/12/2014,204,Deaths_Nigeria,8
10/11/2014,203,Deaths_Nigeria,
10/8/2014,200,Deaths_Nigeria,8
10/7/2014,199,Deaths_Nigeria,
10/5/2014,197,Deaths_Nigeria,8
10/4/2014,196,Deaths_Nigeria,
10/1/2014,193,Deaths_Nigeria,8
9/28/2014,190,Deaths_Nigeria,8
9/23/2014,185,Deaths_Nigeria,8
9/21/2014,183,Deaths_Nigeria,8
9/20/2014,182,Deaths_Nigeria,
9/19/2014,181,Deaths_Nigeria,
9/17/2014,179,Deaths_Nigeria,
9/14/2014,176,Deaths_Nigeria,
9/13/2014,175,Deaths_Nigeria,8
9/10/2014,172,Deaths_Nigeria,8
9/9/2014,171,Deaths_Nigeria,
9/7/2014,169,Deaths_Nigeria,8
9/5/2014,167,Deaths_Nigeria,8
8/31/2014,162,Deaths_Nigeria,7
8/26/2014,157,Deaths_Nigeria,6
8/20/2014,151,Deaths_Nigeria,5
8/18/2014,149,Deaths_Nigeria,4
8/16/2014,147,Deaths_Nigeria,4
8/13/2014,144,Deaths_Nigeria,4
8/11/2014,142,Deaths_Nigeria,3
8/9/2014,140,Deaths_Nigeria,2
8/6/2014,137,Deaths_Nigeria,2
8/4/2014,135,Deaths_Nigeria,1
8/1/2014,132,Deaths_Nigeria,1
7/30/2014,129,Deaths_Nigeria,1
7/27/2014,126,Deaths_Nigeria,1
7/23/2014,123,Deaths_Nigeria,0
7/20/2014,120,Deaths_Nigeria,
7/17/2014,117,Deaths_Nigeria,
7/14/2014,114,Deaths_Nigeria,
7/12/2014,112,Deaths_Nigeria,
7/8/2014,108,Deaths_Nigeria,
7/6/2014,106,Deaths_Nigeria,
7/2/2014,102,Deaths_Nigeria,
6/30/2014,100,Deaths_Nigeria,
6/22/2014,92,Deaths_Nigeria,
6/20/2014,90,Deaths_Nigeria,
6/19/2014,89,Deaths_Nigeria,
6/18/2014,88,Deaths_Nigeria,
6/17/2014,87,Deaths_Nigeria,
6/16/2014,86,Deaths_Nigeria,
6/10/2014,80,Deaths_Nigeria,
6/5/2014,75,Deaths_Nigeria,
6/3/2014,73,Deaths_Nigeria,
6/1/2014,71,Deaths_Nigeria,
5/28/2014,67,Deaths_Nigeria,
5/27/2014,66,Deaths_Nigeria,
5/23/2014,62,Deaths_Nigeria,
5/12/2014,51,Deaths_Nigeria,
5/10/2014,49,Deaths_Nigeria,
5/7/2014,46,Deaths_Nigeria,
5/5/2014,44,Deaths_Nigeria,
5/3/2014,42,Deaths_Nigeria,
5/1/2014,40,Deaths_Nigeria,
4/26/2014,35,Deaths_Nigeria,
4/24/2014,33,Deaths_Nigeria,
4/23/2014,32,Deaths_Nigeria,
4/22/2014,31,Deaths_Nigeria,
4/21/2014,30,Deaths_Nigeria,
4/20/2014,29,Deaths_Nigeria,
4/17/2014,26,Deaths_Nigeria,
4/16/2014,25,Deaths_Nigeria,
4/15/2014,24,Deaths_Nigeria,
4/14/2014,23,Deaths_Nigeria,
4/11/2014,20,Deaths_Nigeria,
4/9/2014,18,Deaths_Nigeria,
4/7/2014,16,Deaths_Nigeria,
4/4/2014,13,Deaths_Nigeria,
4/1/2014,10,Deaths_Nigeria,
3/31/2014,9,Deaths_Nigeria,
3/29/2014,7,Deaths_Nigeria,
3/28/2014,6,Deaths_Nigeria,
3/27/2014,5,Deaths_Nigeria,
3/26/2014,4,Deaths_Nigeria,
3/25/2014,3,Deaths_Nigeria,
3/24/2014,2,Deaths_Nigeria,
3/22/2014,0,Deaths_Nigeria,
1/5/2015,289,Deaths_Senegal,
1/4/2015,288,Deaths_Senegal,
1/3/2015,287,Deaths_Senegal,
1/2/2015,286,Deaths_Senegal,
12/31/2014,284,Deaths_Senegal,
12/28/2014,281,Deaths_Senegal,
12/27/2014,280,Deaths_Senegal,
12/24/2014,277,Deaths_Senegal,
12/21/2014,273,Deaths_Senegal,
12/20/2014,272,Deaths_Senegal,
12/18/2014,271,Deaths_Senegal,
12/14/2014,267,Deaths_Senegal,
12/9/2014,262,Deaths_Senegal,
12/7/2014,260,Deaths_Senegal,0
12/3/2014,256,Deaths_Senegal,
11/30/2014,253,Deaths_Senegal,0
11/28/2014,251,Deaths_Senegal,
11/23/2014,246,Deaths_Senegal,0
11/22/2014,245,Deaths_Senegal,
11/18/2014,241,Deaths_Senegal,0
11/16/2014,239,Deaths_Senegal,0
11/15/2014,238,Deaths_Senegal,
11/11/2014,234,Deaths_Senegal,0
11/10/2014,233,Deaths_Senegal,
11/9/2014,232,Deaths_Senegal,0
11/8/2014,231,Deaths_Senegal,
11/4/2014,227,Deaths_Senegal,0
11/3/2014,226,Deaths_Senegal,
11/2/2014,225,Deaths_Senegal,0
10/31/2014,222,Deaths_Senegal,
10/29/2014,220,Deaths_Senegal,0
10/27/2014,218,Deaths_Senegal,0
10/25/2014,216,Deaths_Senegal,
10/22/2014,214,Deaths_Senegal,
10/21/2014,213,Deaths_Senegal,
10/19/2014,211,Deaths_Senegal,0
10/18/2014,210,Deaths_Senegal,
10/14/2014,206,Deaths_Senegal,0
10/13/2014,205,Deaths_Senegal,
10/12/2014,204,Deaths_Senegal,0
10/11/2014,203,Deaths_Senegal,
10/8/2014,200,Deaths_Senegal,0
10/7/2014,199,Deaths_Senegal,
10/5/2014,197,Deaths_Senegal,0
10/4/2014,196,Deaths_Senegal,
10/1/2014,193,Deaths_Senegal,0
9/28/2014,190,Deaths_Senegal,0
9/23/2014,185,Deaths_Senegal,0
9/21/2014,183,Deaths_Senegal,0
9/20/2014,182,Deaths_Senegal,
9/19/2014,181,Deaths_Senegal,
9/17/2014,179,Deaths_Senegal,
9/14/2014,176,Deaths_Senegal,
9/13/2014,175,Deaths_Senegal,0
9/10/2014,172,Deaths_Senegal,
9/9/2014,171,Deaths_Senegal,
9/7/2014,169,Deaths_Senegal,0
9/5/2014,167,Deaths_Senegal,
8/31/2014,162,Deaths_Senegal,
8/26/2014,157,Deaths_Senegal,
8/20/2014,151,Deaths_Senegal,
8/18/2014,149,Deaths_Senegal,
8/16/2014,147,Deaths_Senegal,
8/13/2014,144,Deaths_Senegal,
8/11/2014,142,Deaths_Senegal,
8/9/2014,140,Deaths_Senegal,
8/6/2014,137,Deaths_Senegal,
8/4/2014,135,Deaths_Senegal,
8/1/2014,132,Deaths_Senegal,
7/30/2014,129,Deaths_Senegal,
7/27/2014,126,Deaths_Senegal,
7/23/2014,123,Deaths_Senegal,
7/20/2014,120,Deaths_Senegal,
7/17/2014,117,Deaths_Senegal,
7/14/2014,114,Deaths_Senegal,
7/12/2014,112,Deaths_Senegal,
7/8/2014,108,Deaths_Senegal,
7/6/2014,106,Deaths_Senegal,
7/2/2014,102,Deaths_Senegal,
6/30/2014,100,Deaths_Senegal,
6/22/2014,92,Deaths_Senegal,
6/20/2014,90,Deaths_Senegal,
6/19/2014,89,Deaths_Senegal,
6/18/2014,88,Deaths_Senegal,
6/17/2014,87,Deaths_Senegal,
6/16/2014,86,Deaths_Senegal,
6/10/2014,80,Deaths_Senegal,
6/5/2014,75,Deaths_Senegal,
6/3/2014,73,Deaths_Senegal,
6/1/2014,71,Deaths_Senegal,
5/28/2014,67,Deaths_Senegal,
5/27/2014,66,Deaths_Senegal,
5/23/2014,62,Deaths_Senegal,
5/12/2014,51,Deaths_Senegal,
5/10/2014,49,Deaths_Senegal,
5/7/2014,46,Deaths_Senegal,
5/5/2014,44,Deaths_Senegal,
5/3/2014,42,Deaths_Senegal,
5/1/2014,40,Deaths_Senegal,
4/26/2014,35,Deaths_Senegal,
4/24/2014,33,Deaths_Senegal,
4/23/2014,32,Deaths_Senegal,
4/22/2014,31,Deaths_Senegal,
4/21/2014,30,Deaths_Senegal,
4/20/2014,29,Deaths_Senegal,
4/17/2014,26,Deaths_Senegal,
4/16/2014,25,Deaths_Senegal,
4/15/2014,24,Deaths_Senegal,
4/14/2014,23,Deaths_Senegal,
4/11/2014,20,Deaths_Senegal,
4/9/2014,18,Deaths_Senegal,
4/7/2014,16,Deaths_Senegal,
4/4/2014,13,Deaths_Senegal,
4/1/2014,10,Deaths_Senegal,
3/31/2014,9,Deaths_Senegal,
3/29/2014,7,Deaths_Senegal,
3/28/2014,6,Deaths_Senegal,
3/27/2014,5,Deaths_Senegal,
3/26/2014,4,Deaths_Senegal,
3/25/2014,3,Deaths_Senegal,
3/24/2014,2,Deaths_Senegal,
3/22/2014,0,Deaths_Senegal,
1/5/2015,289,Deaths_UnitedStates,
1/4/2015,288,Deaths_UnitedStates,
1/3/2015,287,Deaths_UnitedStates,
1/2/2015,286,Deaths_UnitedStates,
12/31/2014,284,Deaths_UnitedStates,
12/28/2014,281,Deaths_UnitedStates,
12/27/2014,280,Deaths_UnitedStates,
12/24/2014,277,Deaths_UnitedStates,
12/21/2014,273,Deaths_UnitedStates,
12/20/2014,272,Deaths_UnitedStates,
12/18/2014,271,Deaths_UnitedStates,
12/14/2014,267,Deaths_UnitedStates,
12/9/2014,262,Deaths_UnitedStates,
12/7/2014,260,Deaths_UnitedStates,1
12/3/2014,256,Deaths_UnitedStates,
11/30/2014,253,Deaths_UnitedStates,1
11/28/2014,251,Deaths_UnitedStates,
11/23/2014,246,Deaths_UnitedStates,1
11/22/2014,245,Deaths_UnitedStates,
11/18/2014,241,Deaths_UnitedStates,1
11/16/2014,239,Deaths_UnitedStates,1
11/15/2014,238,Deaths_UnitedStates,
11/11/2014,234,Deaths_UnitedStates,1
11/10/2014,233,Deaths_UnitedStates,
11/9/2014,232,Deaths_UnitedStates,1
11/8/2014,231,Deaths_UnitedStates,
11/4/2014,227,Deaths_UnitedStates,1
11/3/2014,226,Deaths_UnitedStates,
11/2/2014,225,Deaths_UnitedStates,1
10/31/2014,222,Deaths_UnitedStates,
10/29/2014,220,Deaths_UnitedStates,1
10/27/2014,218,Deaths_UnitedStates,1
10/25/2014,216,Deaths_UnitedStates,
10/22/2014,214,Deaths_UnitedStates,1
10/21/2014,213,Deaths_UnitedStates,
10/19/2014,211,Deaths_UnitedStates,1
10/18/2014,210,Deaths_UnitedStates,
10/14/2014,206,Deaths_UnitedStates,0
10/13/2014,205,Deaths_UnitedStates,
10/12/2014,204,Deaths_UnitedStates,1
10/11/2014,203,Deaths_UnitedStates,
10/8/2014,200,Deaths_UnitedStates,1
10/7/2014,199,Deaths_UnitedStates,
10/5/2014,197,Deaths_UnitedStates,0
10/4/2014,196,Deaths_UnitedStates,
10/1/2014,193,Deaths_UnitedStates,0
9/28/2014,190,Deaths_UnitedStates,
9/23/2014,185,Deaths_UnitedStates,
9/21/2014,183,Deaths_UnitedStates,
9/20/2014,182,Deaths_UnitedStates,
9/19/2014,181,Deaths_UnitedStates,
9/17/2014,179,Deaths_UnitedStates,
9/14/2014,176,Deaths_UnitedStates,
9/13/2014,175,Deaths_UnitedStates,
9/10/2014,172,Deaths_UnitedStates,
9/9/2014,171,Deaths_UnitedStates,
9/7/2014,169,Deaths_UnitedStates,
9/5/2014,167,Deaths_UnitedStates,
8/31/2014,162,Deaths_UnitedStates,
8/26/2014,157,Deaths_UnitedStates,
8/20/2014,151,Deaths_UnitedStates,
8/18/2014,149,Deaths_UnitedStates,
8/16/2014,147,Deaths_UnitedStates,
8/13/2014,144,Deaths_UnitedStates,
8/11/2014,142,Deaths_UnitedStates,
8/9/2014,140,Deaths_UnitedStates,
8/6/2014,137,Deaths_UnitedStates,
8/4/2014,135,Deaths_UnitedStates,
8/1/2014,132,Deaths_UnitedStates,
7/30/2014,129,Deaths_UnitedStates,
7/27/2014,126,Deaths_UnitedStates,
7/23/2014,123,Deaths_UnitedStates,
7/20/2014,120,Deaths_UnitedStates,
7/17/2014,117,Deaths_UnitedStates,
7/14/2014,114,Deaths_UnitedStates,
7/12/2014,112,Deaths_UnitedStates,
7/8/2014,108,Deaths_UnitedStates,
7/6/2014,106,Deaths_UnitedStates,
7/2/2014,102,Deaths_UnitedStates,
6/30/2014,100,Deaths_UnitedStates,
6/22/2014,92,Deaths_UnitedStates,
6/20/2014,90,Deaths_UnitedStates,
6/19/2014,89,Deaths_UnitedStates,
6/18/2014,88,Deaths_UnitedStates,
6/17/2014,87,Deaths_UnitedStates,
6/16/2014,86,Deaths_UnitedStates,
6/10/2014,80,Deaths_UnitedStates,
6/5/2014,75,Deaths_UnitedStates,
6/3/2014,73,Deaths_UnitedStates,
6/1/2014,71,Deaths_UnitedStates,
5/28/2014,67,Deaths_UnitedStates,
5/27/2014,66,Deaths_UnitedStates,
5/23/2014,62,Deaths_UnitedStates,
5/12/2014,51,Deaths_UnitedStates,
5/10/2014,49,Deaths_UnitedStates,
5/7/2014,46,Deaths_UnitedStates,
5/5/2014,44,Deaths_UnitedStates,
5/3/2014,42,Deaths_UnitedStates,
5/1/2014,40,Deaths_UnitedStates,
4/26/2014,35,Deaths_UnitedStates,
4/24/2014,33,Deaths_UnitedStates,
4/23/2014,32,Deaths_UnitedStates,
4/22/2014,31,Deaths_UnitedStates,
4/21/2014,30,Deaths_UnitedStates,
4/20/2014,29,Deaths_UnitedStates,
4/17/2014,26,Deaths_UnitedStates,
4/16/2014,25,Deaths_UnitedStates,
4/15/2014,24,Deaths_UnitedStates,
4/14/2014,23,Deaths_UnitedStates,
4/11/2014,20,Deaths_UnitedStates,
4/9/2014,18,Deaths_UnitedStates,
4/7/2014,16,Deaths_UnitedStates,
4/4/2014,13,Deaths_UnitedStates,
4/1/2014,10,Deaths_UnitedStates,
3/31/2014,9,Deaths_UnitedStates,
3/29/2014,7,Deaths_UnitedStates,
3/28/2014,6,Deaths_UnitedStates,
3/27/2014,5,Deaths_UnitedStates,
3/26/2014,4,Deaths_UnitedStates,
3/25/2014,3,Deaths_UnitedStates,
3/24/2014,2,Deaths_UnitedStates,
3/22/2014,0,Deaths_UnitedStates,
1/5/2015,289,Deaths_Spain,
1/4/2015,288,Deaths_Spain,
1/3/2015,287,Deaths_Spain,
1/2/2015,286,Deaths_Spain,
12/31/2014,284,Deaths_Spain,
12/28/2014,281,Deaths_Spain,
12/27/2014,280,Deaths_Spain,
12/24/2014,277,Deaths_Spain,
12/21/2014,273,Deaths_Spain,
12/20/2014,272,Deaths_Spain,
12/18/2014,271,Deaths_Spain,
12/14/2014,267,Deaths_Spain,
12/9/2014,262,Deaths_Spain,
12/7/2014,260,Deaths_Spain,0
12/3/2014,256,Deaths_Spain,
11/30/2014,253,Deaths_Spain,0
11/28/2014,251,Deaths_Spain,
11/23/2014,246,Deaths_Spain,0
11/22/2014,245,Deaths_Spain,
11/18/2014,241,Deaths_Spain,0
11/16/2014,239,Deaths_Spain,0
11/15/2014,238,Deaths_Spain,
11/11/2014,234,Deaths_Spain,0
11/10/2014,233,Deaths_Spain,
11/9/2014,232,Deaths_Spain,0
11/8/2014,231,Deaths_Spain,
11/4/2014,227,Deaths_Spain,0
11/3/2014,226,Deaths_Spain,
11/2/2014,225,Deaths_Spain,0
10/31/2014,222,Deaths_Spain,
10/29/2014,220,Deaths_Spain,0
10/27/2014,218,Deaths_Spain,0
10/25/2014,216,Deaths_Spain,
10/22/2014,214,Deaths_Spain,0
10/21/2014,213,Deaths_Spain,
10/19/2014,211,Deaths_Spain,0
10/18/2014,210,Deaths_Spain,
10/14/2014,206,Deaths_Spain,1
10/13/2014,205,Deaths_Spain,
10/12/2014,204,Deaths_Spain,1
10/11/2014,203,Deaths_Spain,
10/8/2014,200,Deaths_Spain,1
10/7/2014,199,Deaths_Spain,
10/5/2014,197,Deaths_Spain,
10/4/2014,196,Deaths_Spain,
10/1/2014,193,Deaths_Spain,
9/28/2014,190,Deaths_Spain,
9/23/2014,185,Deaths_Spain,
9/21/2014,183,Deaths_Spain,
9/20/2014,182,Deaths_Spain,
9/19/2014,181,Deaths_Spain,
9/17/2014,179,Deaths_Spain,
9/14/2014,176,Deaths_Spain,
9/13/2014,175,Deaths_Spain,
9/10/2014,172,Deaths_Spain,
9/9/2014,171,Deaths_Spain,
9/7/2014,169,Deaths_Spain,
9/5/2014,167,Deaths_Spain,
8/31/2014,162,Deaths_Spain,
8/26/2014,157,Deaths_Spain,
8/20/2014,151,Deaths_Spain,
8/18/2014,149,Deaths_Spain,
8/16/2014,147,Deaths_Spain,
8/13/2014,144,Deaths_Spain,
8/11/2014,142,Deaths_Spain,
8/9/2014,140,Deaths_Spain,
8/6/2014,137,Deaths_Spain,
8/4/2014,135,Deaths_Spain,
8/1/2014,132,Deaths_Spain,
7/30/2014,129,Deaths_Spain,
7/27/2014,126,Deaths_Spain,
7/23/2014,123,Deaths_Spain,
7/20/2014,120,Deaths_Spain,
7/17/2014,117,Deaths_Spain,
7/14/2014,114,Deaths_Spain,
7/12/2014,112,Deaths_Spain,
7/8/2014,108,Deaths_Spain,
7/6/2014,106,Deaths_Spain,
7/2/2014,102,Deaths_Spain,
6/30/2014,100,Deaths_Spain,
6/22/2014,92,Deaths_Spain,
6/20/2014,90,Deaths_Spain,
6/19/2014,89,Deaths_Spain,
6/18/2014,88,Deaths_Spain,
6/17/2014,87,Deaths_Spain,
6/16/2014,86,Deaths_Spain,
6/10/2014,80,Deaths_Spain,
6/5/2014,75,Deaths_Spain,
6/3/2014,73,Deaths_Spain,
6/1/2014,71,Deaths_Spain,
5/28/2014,67,Deaths_Spain,
5/27/2014,66,Deaths_Spain,
5/23/2014,62,Deaths_Spain,
5/12/2014,51,Deaths_Spain,
5/10/2014,49,Deaths_Spain,
5/7/2014,46,Deaths_Spain,
5/5/2014,44,Deaths_Spain,
5/3/2014,42,Deaths_Spain,
5/1/2014,40,Deaths_Spain,
4/26/2014,35,Deaths_Spain,
4/24/2014,33,Deaths_Spain,
4/23/2014,32,Deaths_Spain,
4/22/2014,31,Deaths_Spain,
4/21/2014,30,Deaths_Spain,
4/20/2014,29,Deaths_Spain,
4/17/2014,26,Deaths_Spain,
4/16/2014,25,Deaths_Spain,
4/15/2014,24,Deaths_Spain,
4/14/2014,23,Deaths_Spain,
4/11/2014,20,Deaths_Spain,
4/9/2014,18,Deaths_Spain,
4/7/2014,16,Deaths_Spain,
4/4/2014,13,Deaths_Spain,
4/1/2014,10,Deaths_Spain,
3/31/2014,9,Deaths_Spain,
3/29/2014,7,Deaths_Spain,
3/28/2014,6,Deaths_Spain,
3/27/2014,5,Deaths_Spain,
3/26/2014,4,Deaths_Spain,
3/25/2014,3,Deaths_Spain,
3/24/2014,2,Deaths_Spain,
3/22/2014,0,Deaths_Spain,
1/5/2015,289,Deaths_Mali,
1/4/2015,288,Deaths_Mali,
1/3/2015,287,Deaths_Mali,
1/2/2015,286,Deaths_Mali,
12/31/2014,284,Deaths_Mali,
12/28/2014,281,Deaths_Mali,
12/27/2014,280,Deaths_Mali,
12/24/2014,277,Deaths_Mali,
12/21/2014,273,Deaths_Mali,
12/20/2014,272,Deaths_Mali,
12/18/2014,271,Deaths_Mali,
12/14/2014,267,Deaths_Mali,
12/9/2014,262,Deaths_Mali,
12/7/2014,260,Deaths_Mali,6
12/3/2014,256,Deaths_Mali,
11/30/2014,253,Deaths_Mali,6
11/28/2014,251,Deaths_Mali,
11/23/2014,246,Deaths_Mali,6
11/22/2014,245,Deaths_Mali,
11/18/2014,241,Deaths_Mali,6
11/16/2014,239,Deaths_Mali,5
11/15/2014,238,Deaths_Mali,
11/11/2014,234,Deaths_Mali,3
11/10/2014,233,Deaths_Mali,
11/9/2014,232,Deaths_Mali,1
11/8/2014,231,Deaths_Mali,
11/4/2014,227,Deaths_Mali,1
11/3/2014,226,Deaths_Mali,
11/2/2014,225,Deaths_Mali,1
10/31/2014,222,Deaths_Mali,
10/29/2014,220,Deaths_Mali,1
10/27/2014,218,Deaths_Mali,1
10/25/2014,216,Deaths_Mali,
10/22/2014,214,Deaths_Mali,1
10/21/2014,213,Deaths_Mali,
10/19/2014,211,Deaths_Mali,
10/18/2014,210,Deaths_Mali,
10/14/2014,206,Deaths_Mali,
10/13/2014,205,Deaths_Mali,
10/12/2014,204,Deaths_Mali,
10/11/2014,203,Deaths_Mali,
10/8/2014,200,Deaths_Mali,
10/7/2014,199,Deaths_Mali,
10/5/2014,197,Deaths_Mali,
10/4/2014,196,Deaths_Mali,
10/1/2014,193,Deaths_Mali,
9/28/2014,190,Deaths_Mali,
9/23/2014,185,Deaths_Mali,
9/21/2014,183,Deaths_Mali,
9/20/2014,182,Deaths_Mali,
9/19/2014,181,Deaths_Mali,
9/17/2014,179,Deaths_Mali,
9/14/2014,176,Deaths_Mali,
9/13/2014,175,Deaths_Mali,
9/10/2014,172,Deaths_Mali,
9/9/2014,171,Deaths_Mali,
9/7/2014,169,Deaths_Mali,
9/5/2014,167,Deaths_Mali,
8/31/2014,162,Deaths_Mali,
8/26/2014,157,Deaths_Mali,
8/20/2014,151,Deaths_Mali,
8/18/2014,149,Deaths_Mali,
8/16/2014,147,Deaths_Mali,
8/13/2014,144,Deaths_Mali,
8/11/2014,142,Deaths_Mali,
8/9/2014,140,Deaths_Mali,
8/6/2014,137,Deaths_Mali,
8/4/2014,135,Deaths_Mali,
8/1/2014,132,Deaths_Mali,
7/30/2014,129,Deaths_Mali,
7/27/2014,126,Deaths_Mali,
7/23/2014,123,Deaths_Mali,
7/20/2014,120,Deaths_Mali,
7/17/2014,117,Deaths_Mali,
7/14/2014,114,Deaths_Mali,
7/12/2014,112,Deaths_Mali,
7/8/2014,108,Deaths_Mali,
7/6/2014,106,Deaths_Mali,
7/2/2014,102,Deaths_Mali,
6/30/2014,100,Deaths_Mali,
6/22/2014,92,Deaths_Mali,
6/20/2014,90,Deaths_Mali,
6/19/2014,89,Deaths_Mali,
6/18/2014,88,Deaths_Mali,
6/17/2014,87,Deaths_Mali,
6/16/2014,86,Deaths_Mali,
6/10/2014,80,Deaths_Mali,
6/5/2014,75,Deaths_Mali,
6/3/2014,73,Deaths_Mali,
6/1/2014,71,Deaths_Mali,
5/28/2014,67,Deaths_Mali,
5/27/2014,66,Deaths_Mali,
5/23/2014,62,Deaths_Mali,
5/12/2014,51,Deaths_Mali,
5/10/2014,49,Deaths_Mali,
5/7/2014,46,Deaths_Mali,
5/5/2014,44,Deaths_Mali,
5/3/2014,42,Deaths_Mali,
5/1/2014,40,Deaths_Mali,
4/26/2014,35,Deaths_Mali,
4/24/2014,33,Deaths_Mali,
4/23/2014,32,Deaths_Mali,
4/22/2014,31,Deaths_Mali,
4/21/2014,30,Deaths_Mali,
4/20/2014,29,Deaths_Mali,
4/17/2014,26,Deaths_Mali,
4/16/2014,25,Deaths_Mali,
4/15/2014,24,Deaths_Mali,
4/14/2014,23,Deaths_Mali,
4/11/2014,20,Deaths_Mali,
4/9/2014,18,Deaths_Mali,
4/7/2014,16,Deaths_Mali,
4/4/2014,13,Deaths_Mali,
4/1/2014,10,Deaths_Mali,
3/31/2014,9,Deaths_Mali,
3/29/2014,7,Deaths_Mali,
3/28/2014,6,Deaths_Mali,
3/27/2014,5,Deaths_Mali,
3/26/2014,4,Deaths_Mali,
3/25/2014,3,Deaths_Mali,
3/24/2014,2,Deaths_Mali,
3/22/2014,0,Deaths_Mali,
